r0,r1,r2,r3,r4,r5,x,y,z,alpha,beta,gamma
0.0,-50.578269958496094,-12.895589828491211,0.0,53.4742317199707,0.0,0.0,0.0,0.36000001430511475,-0.0,80.00037333314772,-0.0
0.0,-50.57748794555664,-12.89704704284668,0.0,53.47602844238281,0.0,0.0,0.0,0.36000001430511475,-0.0,80.0014934841716,-0.0
0.0,-50.5761833190918,-12.899473190307617,0.0,53.4790153503418,0.0,0.0,0.0,0.36000001430511475,-0.0,80.00335812581501,-0.0
0.0,-50.57436752319336,-12.902850151062012,0.0,53.48317337036133,0.0,0.0,0.0,0.36000001430511475,-0.0,80.00595359769962,-0.0
0.0,-50.57202911376953,-12.907205581665039,0.0,53.48853302001953,0.0,0.0,0.0,0.36000001430511475,-0.0,80.00930039039292,-0.0
0.0,-50.56918716430664,-12.912493705749512,0.0,53.49504470825195,0.0,0.0,0.0,0.36000001430511475,-0.0,80.01336435294908,-0.0
0.0,-50.565834045410156,-12.918733596801758,0.0,53.50272750854492,0.0,0.0,0.0,0.36000001430511475,-0.0,80.01815914574644,-0.0
0.0,-50.56197738647461,-12.92591667175293,0.0,53.51156997680664,0.0,0.0,0.0,0.36000001430511475,-0.0,80.0236779385958,-0.0
0.0,-50.557613372802734,-12.934033393859863,0.0,53.52156066894531,0.0,0.0,0.0,0.36000001430511475,-0.0,80.02991390130802,-0.0
0.0,-50.55274963378906,-12.943084716796875,0.0,53.53269958496094,0.0,0.0,0.0,0.36000001430511475,-0.0,80.0368670338831,-0.0
0.0,-50.54738235473633,-12.953070640563965,0.0,53.54499053955078,0.0,0.0,0.0,0.36000001430511475,-0.0,80.04453733632103,-0.0
0.0,-50.54151916503906,-12.963983535766602,0.0,53.55841827392578,0.0,0.0,0.0,0.36000001430511475,-0.0,80.05291797843263,-0.0
0.0,-50.535160064697266,-12.975813865661621,0.0,53.572975158691406,0.0,0.0,0.0,0.36000001430511475,-0.0,80.06200213002874,-0.0
0.0,-50.52831268310547,-12.988553047180176,0.0,53.58864974975586,0.0,0.0,0.0,0.36000001430511475,-0.0,80.0717829609202,-0.0
0.0,-50.52097702026367,-13.002202033996582,0.0,53.605438232421875,0.0,0.0,0.0,0.36000001430511475,-0.0,80.082260471107,-0.0
0.0,-50.51314926147461,-13.016761779785156,0.0,53.62334442138672,0.0,0.0,0.0,0.36000001430511475,-0.0,80.09343466058914,-0.0
0.0,-50.50483703613281,-13.032222747802734,0.0,53.642356872558594,0.0,0.0,0.0,0.36000001430511475,-0.0,80.10529869917745,-0.0
0.0,-50.49604034423828,-13.048585891723633,0.0,53.662479400634766,0.0,0.0,0.0,0.36000001430511475,-0.0,80.11785258687193,-0.0
0.0,-50.48676681518555,-13.065834045410156,0.0,53.68368148803711,0.0,0.0,0.0,0.36000001430511475,-0.0,80.13108266329425,-0.0
0.0,-50.47700881958008,-13.083976745605469,0.0,53.70598220825195,0.0,0.0,0.0,0.36000001430511475,-0.0,80.14499575863357,-0.0
0.0,-50.466773986816406,-13.103006362915039,0.0,53.729366302490234,0.0,0.0,0.0,0.36000001430511475,-0.0,80.15958504270071,-0.0
0.0,-50.45606994628906,-13.122913360595703,0.0,53.75382614135742,0.0,0.0,0.0,0.36000001430511475,-0.0,80.17484368530653,-0.0
0.0,-50.444889068603516,-13.143699645996094,0.0,53.77935791015625,0.0,0.0,0.0,0.36000001430511475,-0.0,80.190771686451,-0.0
0.0,-50.43324279785156,-13.165346145629883,0.0,53.80594253540039,0.0,0.0,0.0,0.36000001430511475,-0.0,80.20735538575579,-0.0
0.0,-50.42112350463867,-13.187873840332031,0.0,53.83360290527344,0.0,0.0,0.0,0.36000001430511475,-0.0,80.22460844359924,-0.0
0.0,-50.408538818359375,-13.211263656616211,0.0,53.8623161315918,0.0,0.0,0.0,0.36000001430511475,-0.0,80.24251719960301,-0.0
0.0,-50.39548873901367,-13.235508918762207,0.0,53.89207458496094,0.0,0.0,0.0,0.36000001430511475,-0.0,80.26107482357794,-0.0
0.0,-50.38198471069336,-13.260601043701172,0.0,53.92285919189453,0.0,0.0,0.0,0.36000001430511475,-0.0,80.28027448533484,-0.0
0.0,-50.36801528930664,-13.286558151245117,0.0,53.9547004699707,0.0,0.0,0.0,0.36000001430511475,-0.0,80.30012984525207,-0.0
0.0,-50.35358810424805,-13.3133544921875,0.0,53.98756408691406,0.0,0.0,0.0,0.36000001430511475,-0.0,80.32062041276211,-0.0
0.0,-50.33870315551758,-13.3410005569458,0.0,54.02145767211914,0.0,0.0,0.0,0.36000001430511475,-0.0,80.34175301805412,-0.0
0.0,-50.3233642578125,-13.369486808776855,0.0,54.05636978149414,0.0,0.0,0.0,0.36000001430511475,-0.0,80.36352083093895,-0.0
0.0,-50.30757522583008,-13.398807525634766,0.0,54.0922966003418,0.0,0.0,0.0,0.36000001430511475,-0.0,80.38591702122743,-0.0
0.0,-50.29133987426758,-13.428943634033203,0.0,54.12921142578125,0.0,0.0,0.0,0.36000001430511475,-0.0,80.4089279285412,-0.0
0.0,-50.2746467590332,-13.459932327270508,0.0,54.16716003417969,0.0,0.0,0.0,0.36000001430511475,-0.0,80.43258087363695,-0.0
0.0,-50.25751495361328,-13.491730690002441,0.0,54.206085205078125,0.0,0.0,0.0,0.36000001430511475,-0.0,80.45684170556885,-0.0
0.0,-50.23993682861328,-13.524347305297852,0.0,54.246002197265625,0.0,0.0,0.0,0.36000001430511475,-0.0,80.48171725452603,-0.0
0.0,-50.221920013427734,-13.55777645111084,0.0,54.286895751953125,0.0,0.0,0.0,0.36000001430511475,-0.0,80.50720069031935,-0.0
0.0,-50.20345687866211,-13.592025756835938,0.0,54.32878112792969,0.0,0.0,0.0,0.36000001430511475,-0.0,80.53329884313797,-0.0
0.0,-50.1845588684082,-13.627079010009766,0.0,54.37163543701172,0.0,0.0,0.0,0.36000001430511475,-0.0,80.55999805260355,-0.0
0.0,-50.16522979736328,-13.66292953491211,0.0,54.41544723510742,0.0,0.0,0.0,0.36000001430511475,-0.0,80.58729148852692,-0.0
0.0,-50.14545440673828,-13.69959545135498,0.0,54.460243225097656,0.0,0.0,0.0,0.36000001430511475,-0.0,80.61519281128642,-0.0
0.0,-50.125247955322266,-13.737051010131836,0.0,54.5059814453125,0.0,0.0,0.0,0.36000001430511475,-0.0,80.64368153031454,-0.0
0.0,-50.1046142578125,-13.775297164916992,0.0,54.552669525146484,0.0,0.0,0.0,0.36000001430511475,-0.0,80.67275764561128,-0.0
0.0,-50.08354949951172,-13.814334869384766,0.0,54.60030746459961,0.0,0.0,0.0,0.36000001430511475,-0.0,80.70242115717664,-0.0
0.0,-50.06206130981445,-13.854148864746094,0.0,54.648868560791016,0.0,0.0,0.0,0.36000001430511475,-0.0,80.7326584046323,-0.0
0.0,-50.04014205932617,-13.894756317138672,0.0,54.69837951660156,0.0,0.0,0.0,0.36000001430511475,-0.0,80.76348304835656,-0.0
0.0,-50.01780319213867,-13.936132431030273,0.0,54.748809814453125,0.0,0.0,0.0,0.36000001430511475,-0.0,80.79487459778194,-0.0
0.0,-49.99503707885742,-13.978287696838379,0.0,54.80016326904297,0.0,0.0,0.0,0.36000001430511475,-0.0,80.8268398830976,-0.0
0.0,-49.97185134887695,-14.021214485168457,0.0,54.85243606567383,0.0,0.0,0.0,0.36000001430511475,-0.0,80.85937207411438,-0.0
0.0,-49.948246002197266,-14.064912796020508,0.0,54.9056282043457,0.0,0.0,0.0,0.36000001430511475,-0.0,80.89247117083225,-0.0
0.0,-49.924224853515625,-14.109366416931152,0.0,54.959712982177734,0.0,0.0,0.0,0.36000001430511475,-0.0,80.9261235128729,-0.0
0.0,-49.89979553222656,-14.154568672180176,0.0,55.014686584472656,0.0,0.0,0.0,0.36000001430511475,-0.0,80.96032227004716,-0.0
0.0,-49.87494659423828,-14.200538635253906,0.0,55.07056427001953,0.0,0.0,0.0,0.36000001430511475,-0.0,80.99508110273335,-0.0
0.0,-49.84967803955078,-14.247267723083496,0.0,55.12733840942383,0.0,0.0,0.0,0.36000001430511475,-0.0,81.03039318074232,-0.0
0.0,-49.824012756347656,-14.294730186462402,0.0,55.18497848510742,0.0,0.0,0.0,0.36000001430511475,-0.0,81.06623801350655,-0.0
0.0,-49.79793167114258,-14.34294605255127,0.0,55.243507385253906,0.0,0.0,0.0,0.36000001430511475,-0.0,81.10262926140437,-0.0
0.0,-49.771446228027344,-14.391899108886719,0.0,55.30289840698242,0.0,0.0,0.0,0.36000001430511475,-0.0,81.13955326405747,-0.0
0.0,-49.74455642700195,-14.441590309143066,0.0,55.363155364990234,0.0,0.0,0.0,0.36000001430511475,-0.0,81.17701002146582,-0.0
0.0,-49.717262268066406,-14.492020606994629,0.0,55.424278259277344,0.0,0.0,0.0,0.36000001430511475,-0.0,81.21499953362942,-0.0
0.0,-49.68956756591797,-14.543173789978027,0.0,55.48624801635742,0.0,0.0,0.0,0.36000001430511475,-0.0,81.25350814016996,-0.0
0.0,-49.661468505859375,-14.595059394836426,0.0,55.549072265625,0.0,0.0,0.0,0.36000001430511475,-0.0,81.29254267127658,-0.0
0.0,-49.63297653198242,-14.647663116455078,0.0,55.612728118896484,0.0,0.0,0.0,0.36000001430511475,-0.0,81.33208946657095,-0.0
0.0,-49.60408401489258,-14.700992584228516,0.0,55.6772346496582,0.0,0.0,0.0,0.36000001430511475,-0.0,81.37215535624225,-0.0
0.0,-49.57480239868164,-14.755033493041992,0.0,55.74256134033203,0.0,0.0,0.0,0.36000001430511475,-0.0,81.41272667991213,-0.0
0.0,-49.54511642456055,-14.80980396270752,0.0,55.80873489379883,0.0,0.0,0.0,0.36000001430511475,-0.0,81.45381709795892,-0.0
0.0,-49.515045166015625,-14.865270614624023,0.0,55.87571334838867,0.0,0.0,0.0,0.36000001430511475,-0.0,81.49539928962596,-0.0
0.0,-49.48458480834961,-14.921442031860352,0.0,55.943504333496094,0.0,0.0,0.0,0.36000001430511475,-0.0,81.5374800851024,-0.0
0.0,-49.453731536865234,-14.97832202911377,0.0,56.01211166381836,0.0,0.0,0.0,0.36000001430511475,-0.0,81.58005948438827,-0.0
0.0,-49.4224967956543,-15.035892486572266,0.0,56.081512451171875,0.0,0.0,0.0,0.36000001430511475,-0.0,81.6231238271052,-0.0
0.0,-49.390872955322266,-15.094164848327637,0.0,56.15171813964844,0.0,0.0,0.0,0.36000001430511475,-0.0,81.66667994344238,-0.0
0.0,-49.35886764526367,-15.153130531311035,0.0,56.22271728515625,0.0,0.0,0.0,0.36000001430511475,-0.0,81.71072100321061,-0.0
0.0,-49.32647705078125,-15.212783813476562,0.0,56.29450225830078,0.0,0.0,0.0,0.36000001430511475,-0.0,81.75524017622075,-0.0
0.0,-49.29370880126953,-15.273124694824219,0.0,56.367069244384766,0.0,0.0,0.0,0.36000001430511475,-0.0,81.8002374624728,-0.0
0.0,-49.26056671142578,-15.334136962890625,0.0,56.440399169921875,0.0,0.0,0.0,0.36000001430511475,-0.0,81.8456992015884,-0.0
0.0,-49.2270393371582,-15.395840644836426,0.0,56.51451873779297,0.0,0.0,0.0,0.36000001430511475,-0.0,81.89163905394591,-0.0
0.0,-49.19313430786133,-15.458218574523926,0.0,56.58939743041992,0.0,0.0,0.0,0.36000001430511475,-0.0,81.93804335916698,-0.0
0.0,-49.15886306762695,-15.521265029907227,0.0,56.66503143310547,0.0,0.0,0.0,0.36000001430511475,-0.0,81.98490528706243,-0.0
0.0,-49.12421417236328,-15.584979057312012,0.0,56.74142074584961,0.0,0.0,0.0,0.36000001430511475,-0.0,82.03222483763228,-0.0
0.0,-49.08919906616211,-15.6493558883667,0.0,56.81855010986328,0.0,0.0,0.0,0.36000001430511475,-0.0,82.07999518068735,-0.0
0.0,-49.053810119628906,-15.714404106140137,0.0,56.89643478393555,0.0,0.0,0.0,0.36000001430511475,-0.0,82.12822314641681,-0.0
0.0,-49.01805114746094,-15.780108451843262,0.0,56.97505569458008,0.0,0.0,0.0,0.36000001430511475,-0.0,82.17689507444233,-0.0
0.0,-48.98193359375,-15.846461296081543,0.0,57.05439758300781,0.0,0.0,0.0,0.36000001430511475,-0.0,82.22600413457471,-0.0
0.0,-48.9454460144043,-15.913472175598145,0.0,57.13447570800781,0.0,0.0,0.0,0.36000001430511475,-0.0,82.27555715700316,-0.0
0.0,-48.908599853515625,-15.98112678527832,0.0,57.215267181396484,0.0,0.0,0.0,0.36000001430511475,-0.0,82.32554048134931,-0.0
0.0,-48.87138748168945,-16.049434661865234,0.0,57.296783447265625,0.0,0.0,0.0,0.36000001430511475,-0.0,82.37596093780235,-0.0
0.0,-48.83381652832031,-16.118377685546875,0.0,57.37900161743164,0.0,0.0,0.0,0.36000001430511475,-0.0,82.42680486598393,-0.0
0.0,-48.7958869934082,-16.187969207763672,0.0,57.46193313598633,0.0,0.0,0.0,0.36000001430511475,-0.0,82.4780790960832,-0.0
0.0,-48.75760269165039,-16.2581844329834,0.0,57.54555130004883,0.0,0.0,0.0,0.36000001430511475,-0.0,82.5297631375327,-0.0
0.0,-48.71895980834961,-16.32904052734375,0.0,57.6298713684082,0.0,0.0,0.0,0.36000001430511475,-0.0,82.58187065071071,-0.0
0.0,-48.67996597290039,-16.40052032470703,0.0,57.714874267578125,0.0,0.0,0.0,0.36000001430511475,-0.0,82.63438797523895,-0.0
0.0,-48.6406135559082,-16.472639083862305,0.0,57.800575256347656,0.0,0.0,0.0,0.36000001430511475,-0.0,82.68732194130655,-0.0
0.0,-48.60091781616211,-16.545368194580078,0.0,57.88693618774414,0.0,0.0,0.0,0.36000001430511475,-0.0,82.740652058346,-0.0
0.0,-48.56087112426758,-16.618717193603516,0.0,57.97397232055664,0.0,0.0,0.0,0.36000001430511475,-0.0,82.7943851565465,-0.0
0.0,-48.520484924316406,-16.692672729492188,0.0,58.06166458129883,0.0,0.0,0.0,0.36000001430511475,-0.0,82.84850757552968,-0.0
0.0,-48.479740142822266,-16.767261505126953,0.0,58.15003967285156,0.0,0.0,0.0,0.36000001430511475,-0.0,82.90303980586306,-0.0
0.0,-48.43865966796875,-16.842439651489258,0.0,58.23904800415039,0.0,0.0,0.0,0.36000001430511475,-0.0,82.9579476966008,-0.0
0.0,-48.39723205566406,-16.91823959350586,0.0,58.32872009277344,0.0,0.0,0.0,0.36000001430511475,-0.0,83.01325173831039,-0.0
0.0,-48.355464935302734,-16.994632720947266,0.0,58.419029235839844,0.0,0.0,0.0,0.36000001430511475,-0.0,83.06893144042432,-0.0
0.0,-48.313358306884766,-17.071630477905273,0.0,58.509979248046875,0.0,0.0,0.0,0.36000001430511475,-0.0,83.1249936331318,-0.0
0.0,-48.27090835571289,-17.149234771728516,0.0,58.60157775878906,0.0,0.0,0.0,0.36000001430511475,-0.0,83.18143831643278,-0.0
0.0,-48.228126525878906,-17.227418899536133,0.0,58.693790435791016,0.0,0.0,0.0,0.36000001430511475,-0.0,83.23824499975977,-0.0
0.0,-48.18501663208008,-17.30618667602539,0.0,58.78661346435547,0.0,0.0,0.0,0.36000001430511475,-0.0,83.29541368311278,-0.0
0.0,-48.141563415527344,-17.385557174682617,0.0,58.88007736206055,0.0,0.0,0.0,0.36000001430511475,-0.0,83.35295802687014,-0.0
0.0,-48.097782135009766,-17.465503692626953,0.0,58.974143981933594,0.0,0.0,0.0,0.36000001430511475,-0.0,83.41085754046433,-0.0
0.0,-48.053672790527344,-17.546030044555664,0.0,59.06881332397461,0.0,0.0,0.0,0.36000001430511475,-0.0,83.46911222389538,-0.0
0.0,-48.00923156738281,-17.627138137817383,0.0,59.16408920288086,0.0,0.0,0.0,0.36000001430511475,-0.0,83.52772207716326,-0.0
0.0,-47.96446990966797,-17.70880889892578,0.0,59.25994873046875,0.0,0.0,0.0,0.36000001430511475,-0.0,83.58667343988964,-0.0
0.0,-47.91937255859375,-17.791065216064453,0.0,59.35641860961914,0.0,0.0,0.0,0.36000001430511475,-0.0,83.64597997245285,-0.0
0.0,-47.873958587646484,-17.873878479003906,0.0,59.453460693359375,0.0,0.0,0.0,0.36000001430511475,-0.0,83.7056211842854,-0.0
0.0,-47.82822036743164,-17.95726203918457,0.0,59.55108642578125,0.0,0.0,0.0,0.36000001430511475,-0.0,83.76560390557646,-0.0
0.0,-47.78216552734375,-18.04119873046875,0.0,59.6492805480957,0.0,0.0,0.0,0.36000001430511475,-0.0,83.82591447594767,-0.0
0.0,-47.73579025268555,-18.125699996948242,0.0,59.748050689697266,0.0,0.0,0.0,0.36000001430511475,-0.0,83.88655972558821,-0.0
0.0,-47.6890869140625,-18.21076774597168,0.0,59.84739685058594,0.0,0.0,0.0,0.36000001430511475,-0.0,83.94753965449809,-0.0
0.0,-47.64208221435547,-18.29636573791504,0.0,59.9472770690918,0.0,0.0,0.0,0.36000001430511475,-0.0,84.00882694192062,-0.0
0.0,-47.59476089477539,-18.38251495361328,0.0,60.04771041870117,0.0,0.0,0.0,0.36000001430511475,-0.0,84.07043524823413,-0.0
0.0,-47.547119140625,-18.469228744506836,0.0,60.14871597290039,0.0,0.0,0.0,0.36000001430511475,-0.0,84.1323714036278,-0.0
0.0,-47.49917221069336,-18.556467056274414,0.0,60.250247955322266,0.0,0.0,0.0,0.36000001430511475,-0.0,84.19460808734496,-0.0
0.0,-47.45092010498047,-18.644243240356445,0.0,60.35231399536133,0.0,0.0,0.0,0.36000001430511475,-0.0,84.25715212957476,-0.0
0.0,-47.40235900878906,-18.73255157470703,0.0,60.45490646362305,0.0,0.0,0.0,0.36000001430511475,-0.0,84.31999670012806,-0.0
0.0,-47.353492736816406,-18.821393966674805,0.0,60.55802917480469,0.0,0.0,0.0,0.36000001430511475,-0.0,84.38314179900482,-0.0
0.0,-47.30431365966797,-18.910778045654297,0.0,60.661685943603516,0.0,0.0,0.0,0.36000001430511475,-0.0,84.44659425639423,-0.0
0.0,-47.25484085083008,-19.000673294067383,0.0,60.76584243774414,0.0,0.0,0.0,0.36000001430511475,-0.0,84.51032675153962,-0.0
0.0,-47.2050666809082,-19.091094970703125,0.0,60.870513916015625,0.0,0.0,0.0,0.36000001430511475,-0.0,84.57435294481932,-0.0
0.0,-47.15498733520508,-19.18204116821289,0.0,60.9756965637207,0.0,0.0,0.0,0.36000001430511475,-0.0,84.63866600604416,-0.0
0.0,-47.104610443115234,-19.273509979248047,0.0,61.08138656616211,0.0,0.0,0.0,0.36000001430511475,-0.0,84.70326593521415,-0.0
0.0,-47.05393981933594,-19.3654842376709,0.0,61.18756103515625,0.0,0.0,0.0,0.36000001430511475,-0.0,84.76813907195093,-0.0
0.0,-47.00297927856445,-19.45796012878418,0.0,61.29421615600586,0.0,0.0,0.0,0.36000001430511475,-0.0,84.83327858606535,-0.0
0.0,-46.95172119140625,-19.550945281982422,0.0,61.40135955810547,0.0,0.0,0.0,0.36000001430511475,-0.0,84.89869130774656,-0.0
0.0,-46.900177001953125,-19.644433975219727,0.0,61.50897979736328,0.0,0.0,0.0,0.36000001430511475,-0.0,84.9643704068054,-0.0
0.0,-46.84833908081055,-19.738428115844727,0.0,61.61708068847656,0.0,0.0,0.0,0.36000001430511475,-0.0,85.03031588324187,-0.0
0.0,-46.79621887207031,-19.832910537719727,0.0,61.725643157958984,0.0,0.0,0.0,0.36000001430511475,-0.0,85.09651407667764,-0.0
0.0,-46.74380111694336,-19.927902221679688,0.0,61.83468246459961,0.0,0.0,0.0,0.36000001430511475,-0.0,85.16297864749103,-0.0
0.0,-46.69111251831055,-20.023366928100586,0.0,61.94416046142578,0.0,0.0,0.0,0.36000001430511475,-0.0,85.22968227492537,-0.0
0.0,-46.63813400268555,-20.119325637817383,0.0,62.054100036621094,0.0,0.0,0.0,0.36000001430511475,-0.0,85.296638619359,-0.0
0.0,-46.58487319946289,-20.21577262878418,0.0,62.164485931396484,0.0,0.0,0.0,0.36000001430511475,-0.0,85.36384085060276,-0.0
0.0,-46.531341552734375,-20.312686920166016,0.0,62.275306701660156,0.0,0.0,0.0,0.36000001430511475,-0.0,85.4312753082783,-0.0
0.0,-46.4775276184082,-20.410093307495117,0.0,62.386573791503906,0.0,0.0,0.0,0.36000001430511475,-0.0,85.49895565276395,-0.0
0.0,-46.423439025878906,-20.507963180541992,0.0,62.49826431274414,0.0,0.0,0.0,0.36000001430511475,-0.0,85.56686139349222,-0.0
0.0,-46.369075775146484,-20.606307983398438,0.0,62.610382080078125,0.0,0.0,0.0,0.36000001430511475,-0.0,85.63499936065227,-0.0
0.0,-46.3144416809082,-20.705120086669922,0.0,62.722923278808594,0.0,0.0,0.0,0.36000001430511475,-0.0,85.70336272405493,-0.0
0.0,-46.259544372558594,-20.804384231567383,0.0,62.83586502075195,0.0,0.0,0.0,0.36000001430511475,-0.0,85.77193782332185,-0.0
0.0,-46.204368591308594,-20.904129028320312,0.0,62.949241638183594,0.0,0.0,0.0,0.36000001430511475,-0.0,85.84074514902056,-0.0
0.0,-46.148929595947266,-21.00432014465332,0.0,63.06300735473633,0.0,0.0,0.0,0.36000001430511475,-0.0,85.90975738039437,-0.0
0.0,-46.09322738647461,-21.104965209960938,0.0,63.17717361450195,0.0,0.0,0.0,0.36000001430511475,-0.0,85.97898134763246,-0.0
0.0,-46.037261962890625,-21.2060604095459,0.0,63.29173278808594,0.0,0.0,0.0,0.36000001430511475,-0.0,86.04841022054563,-0.0
0.0,-45.98102951049805,-21.3076171875,0.0,63.40669631958008,0.0,0.0,0.0,0.36000001430511475,-0.0,86.11805082932308,-0.0
0.0,-45.92454528808594,-21.409597396850586,0.0,63.52201843261719,0.0,0.0,0.0,0.36000001430511475,-0.0,86.18787585320813,-0.0
0.0,-45.86780548095703,-21.512022018432617,0.0,63.637725830078125,0.0,0.0,0.0,0.36000001430511475,-0.0,86.2578989525791,-0.0
0.0,-45.8108024597168,-21.61489486694336,0.0,63.75381851196289,0.0,0.0,0.0,0.36000001430511475,-0.0,86.328120127436,-0.0
0.0,-45.75354766845703,-21.718196868896484,0.0,63.870269775390625,0.0,0.0,0.0,0.36000001430511475,-0.0,86.39852571740049,-0.0
0.0,-45.696041107177734,-21.821931838989258,0.0,63.98708724975586,0.0,0.0,0.0,0.36000001430511475,-0.0,86.46911572247257,-0.0
0.0,-45.638282775878906,-21.92609977722168,0.0,64.1042709350586,0.0,0.0,0.0,0.36000001430511475,-0.0,86.53989014265224,-0.0
0.0,-45.58027648925781,-22.030683517456055,0.0,64.22179412841797,0.0,0.0,0.0,0.36000001430511475,-0.0,86.61083531756115,-0.0
0.0,-45.522029876708984,-22.13568687438965,0.0,64.33966827392578,0.0,0.0,0.0,0.36000001430511475,-0.0,86.68195124719934,-0.0
0.0,-45.46353530883789,-22.24110984802246,0.0,64.45787811279297,0.0,0.0,0.0,0.36000001430511475,-0.0,86.75323793156676,-0.0
0.0,-45.4047966003418,-22.34694480895996,0.0,64.57643127441406,0.0,0.0,0.0,0.36000001430511475,-0.0,86.82468854047426,-0.0
0.0,-45.34581756591797,-22.45319366455078,0.0,64.6953125,0.0,0.0,0.0,0.36000001430511475,-0.0,86.89630307392184,-0.0
0.0,-45.28660202026367,-22.559850692749023,0.0,64.81452178955078,0.0,0.0,0.0,0.36000001430511475,-0.0,86.96807470172034,-0.0
0.0,-45.227149963378906,-22.66690444946289,0.0,64.93405151367188,0.0,0.0,0.0,0.36000001430511475,-0.0,87.03999659368057,-0.0
0.0,-45.167457580566406,-22.774370193481445,0.0,65.05390167236328,0.0,0.0,0.0,0.36000001430511475,-0.0,87.11207557999171,-0.0
0.0,-45.107540130615234,-22.882219314575195,0.0,65.1740493774414,0.0,0.0,0.0,0.36000001430511475,-0.0,87.18429117008625,-0.0
0.0,-45.047386169433594,-22.9904727935791,0.0,65.29451751708984,0.0,0.0,0.0,0.36000001430511475,-0.0,87.25665702434254,-0.0
0.0,-44.98700714111328,-23.099102020263672,0.0,65.4152603149414,0.0,0.0,0.0,0.36000001430511475,-0.0,87.32915265219306,-0.0
0.0,-44.9263916015625,-23.208141326904297,0.0,65.53633117675781,0.0,0.0,0.0,0.36000001430511475,-0.0,87.40179854420532,-0.0
0.0,-44.86555862426758,-23.317550659179688,0.0,65.65767669677734,0.0,0.0,0.0,0.36000001430511475,-0.0,87.47456737962263,-0.0
0.0,-44.80451202392578,-23.427324295043945,0.0,65.77928924560547,0.0,0.0,0.0,0.36000001430511475,-0.0,87.54745232825584,-0.0
0.0,-44.74322509765625,-23.53750228881836,0.0,65.90120697021484,0.0,0.0,0.0,0.36000001430511475,-0.0,87.62048071086161,-0.0
0.0,-44.681732177734375,-23.648035049438477,0.0,66.02338409423828,0.0,0.0,0.0,0.36000001430511475,-0.0,87.69361837649411,-0.0
0.0,-44.62002182006836,-23.758939743041992,0.0,66.14582824707031,0.0,0.0,0.0,0.36000001430511475,-0.0,87.7668721553425,-0.0
0.0,-44.55809020996094,-23.87021255493164,0.0,66.26854705810547,0.0,0.0,0.0,0.36000001430511475,-0.0,87.84024204740678,-0.0
0.0,-44.495948791503906,-23.981849670410156,0.0,66.39151763916016,0.0,0.0,0.0,0.36000001430511475,-0.0,87.91372122249777,-0.0
0.0,-44.43360137939453,-24.093830108642578,0.0,66.51473236083984,0.0,0.0,0.0,0.36000001430511475,-0.0,87.98729602023715,-0.0
0.0,-44.371036529541016,-24.206188201904297,0.0,66.63821411132812,0.0,0.0,0.0,0.36000001430511475,-0.0,88.06098693119242,-0.0
0.0,-44.30826950073242,-24.318883895874023,0.0,66.76192474365234,0.0,0.0,0.0,0.36000001430511475,-0.0,88.13476663460689,-0.0
0.0,-44.245304107666016,-24.43191909790039,0.0,66.88585662841797,0.0,0.0,0.0,0.36000001430511475,-0.0,88.20863513048059,-0.0
0.0,-44.182125091552734,-24.545318603515625,0.0,67.01004791259766,0.0,0.0,0.0,0.36000001430511475,-0.0,88.28260607919182,-0.0
0.0,-44.11875534057617,-24.659040451049805,0.0,67.13444519042969,0.0,0.0,0.0,0.36000001430511475,-0.0,88.35665215998392,-0.0
0.0,-44.05518341064453,-24.773109436035156,0.0,67.25907897949219,0.0,0.0,0.0,0.36000001430511475,-0.0,88.43078703323525,-0.0
0.0,-43.991416931152344,-24.88750457763672,0.0,67.38391876220703,0.0,0.0,0.0,0.36000001430511475,-0.0,88.50499703856744,-0.0
0.0,-43.927459716796875,-25.002229690551758,0.0,67.50897216796875,0.0,0.0,0.0,0.36000001430511475,-0.0,88.5792821759805,-0.0
0.0,-43.863304138183594,-25.117284774780273,0.0,67.63423156738281,0.0,0.0,0.0,0.36000001430511475,-0.0,88.65364244547442,-0.0
0.0,-43.7989616394043,-25.232664108276367,0.0,67.75969696044922,0.0,0.0,0.0,0.36000001430511475,-0.0,88.72807101686006,-0.0
0.0,-43.73443603515625,-25.34834861755371,0.0,67.88533782958984,0.0,0.0,0.0,0.36000001430511475,-0.0,88.80255422975904,-0.0
0.0,-43.66972351074219,-25.464359283447266,0.0,68.01118469238281,0.0,0.0,0.0,0.36000001430511475,-0.0,88.87710574454974,-0.0
0.0,-43.604827880859375,-25.580677032470703,0.0,68.13721466064453,0.0,0.0,0.0,0.36000001430511475,-0.0,88.95171190085378,-0.0
0.0,-43.53974914550781,-25.69730567932129,0.0,68.263427734375,0.0,0.0,0.0,0.36000001430511475,-0.0,89.0263726986712,-0.0
0.0,-43.474491119384766,-25.81423568725586,0.0,68.38980865478516,0.0,0.0,0.0,0.36000001430511475,-0.0,89.10108130781279,-0.0
0.0,-43.40906524658203,-25.93145751953125,0.0,68.51634979248047,0.0,0.0,0.0,0.36000001430511475,-0.0,89.17583089808942,-0.0
0.0,-43.34345626831055,-26.04898452758789,0.0,68.64306640625,0.0,0.0,0.0,0.36000001430511475,-0.0,89.25062829969022,-0.0
0.0,-43.277687072753906,-26.16678810119629,0.0,68.76992797851562,0.0,0.0,0.0,0.36000001430511475,-0.0,89.32545302204771,-0.0
0.0,-43.21174240112305,-26.28489112854004,0.0,68.8969497680664,0.0,0.0,0.0,0.36000001430511475,-0.0,89.40031872554022,-0.0
0.0,-43.145633697509766,-26.403270721435547,0.0,69.02411651611328,0.0,0.0,0.0,0.36000001430511475,-0.0,89.47521174978941,-0.0
0.0,-43.07936096191406,-26.521934509277344,0.0,69.15142822265625,0.0,0.0,0.0,0.36000001430511475,-0.0,89.55013209479527,-0.0
0.0,-43.0129280090332,-26.640869140625,0.0,69.27886962890625,0.0,0.0,0.0,0.36000001430511475,-0.0,89.62507293036866,-0.0
0.0,-42.946327209472656,-26.760087966918945,0.0,69.40645599365234,0.0,0.0,0.0,0.36000001430511475,-0.0,89.70004108669872,-0.0
0.0,-42.87957763671875,-26.879562377929688,0.0,69.5341567993164,0.0,0.0,0.0,0.36000001430511475,-0.0,89.77501607321794,-0.0
0.0,-42.81267166137695,-26.999305725097656,0.0,69.66197967529297,0.0,0.0,0.0,0.36000001430511475,-0.0,89.85000472011552,-0.0
0.0,-42.74561309814453,-27.119304656982422,0.0,69.7899169921875,0.0,0.0,0.0,0.36000001430511475,-0.0,89.92500019720225,-0.0
0.0,-42.678409576416016,-27.23955535888672,0.0,69.91796112060547,0.0,0.0,0.0,0.36000001430511475,-0.0,89.999995674289,-0.0
0.0,-42.61105728149414,-27.360055923461914,0.0,70.04610443115234,0.0,0.0,0.0,0.36000001430511475,-0.0,90.07499115137574,-0.0
0.0,-42.54356002807617,-27.480810165405273,0.0,70.17435455322266,0.0,0.0,0.0,0.36000001430511475,-0.0,90.14998662846247,-0.0
0.0,-42.475914001464844,-27.601818084716797,0.0,70.3027114868164,0.0,0.0,0.0,0.36000001430511475,-0.0,90.22498210554922,-0.0
0.0,-42.40813446044922,-27.723051071166992,0.0,70.43114471435547,0.0,0.0,0.0,0.36000001430511475,-0.0,90.29995709206845,-0.0
0.0,-42.34021759033203,-27.844520568847656,0.0,70.55965423583984,0.0,0.0,0.0,0.36000001430511475,-0.0,90.37491841820933,-0.0
0.0,-42.27216720581055,-27.966218948364258,0.0,70.68824768066406,0.0,0.0,0.0,0.36000001430511475,-0.0,90.44985925378272,-0.0
0.0,-42.2039794921875,-28.08815574645996,0.0,70.8169174194336,0.0,0.0,0.0,0.36000001430511475,-0.0,90.52478642897776,-0.0
0.0,-42.13566589355469,-28.210302352905273,0.0,70.94564819335938,0.0,0.0,0.0,0.36000001430511475,-0.0,90.59967945322694,-0.0
0.0,-42.06722640991211,-28.332670211791992,0.0,71.0744400024414,0.0,0.0,0.0,0.36000001430511475,-0.0,90.67454515671946,-0.0
0.0,-41.9986686706543,-28.45524024963379,0.0,71.20327758789062,0.0,0.0,0.0,0.36000001430511475,-0.0,90.74936987907695,-0.0
0.0,-41.92998123168945,-28.578035354614258,0.0,71.33218383789062,0.0,0.0,0.0,0.36000001430511475,-0.0,90.82416728067776,-0.0
0.0,-41.86117935180664,-28.70102310180664,0.0,71.46112060546875,0.0,0.0,0.0,0.36000001430511475,-0.0,90.89891687095438,-0.0
0.0,-41.792259216308594,-28.82421875,0.0,71.59010314941406,0.0,0.0,0.0,0.36000001430511475,-0.0,90.97362548009598,-0.0
0.0,-41.72322463989258,-28.947608947753906,0.0,71.71912384033203,0.0,0.0,0.0,0.36000001430511475,-0.0,91.04828627791339,-0.0
0.0,-41.654083251953125,-29.07118797302246,0.0,71.8481674194336,0.0,0.0,0.0,0.36000001430511475,-0.0,91.12289243421743,-0.0
0.0,-41.5848388671875,-29.1949462890625,0.0,71.97721862792969,0.0,0.0,0.0,0.36000001430511475,-0.0,91.19743711881895,-0.0
0.0,-41.51548385620117,-29.318893432617188,0.0,72.1063003540039,0.0,0.0,0.0,0.36000001430511475,-0.0,91.27192716190712,-0.0
0.0,-41.44602584838867,-29.44301986694336,0.0,72.23539733886719,0.0,0.0,0.0,0.36000001430511475,-0.0,91.34635573329274,-0.0
0.0,-41.376468658447266,-29.567319869995117,0.0,72.364501953125,0.0,0.0,0.0,0.36000001430511475,-0.0,91.42071600278668,-0.0
0.0,-41.30682373046875,-29.691768646240234,0.0,72.49358367919922,0.0,0.0,0.0,0.36000001430511475,-0.0,91.49499431001055,-0.0
0.0,-41.23707962036133,-29.816390991210938,0.0,72.62267303466797,0.0,0.0,0.0,0.36000001430511475,-0.0,91.56920431534274,-0.0
0.0,-41.167236328125,-29.941190719604492,0.0,72.75177001953125,0.0,0.0,0.0,0.36000001430511475,-0.0,91.64334601878323,-0.0
0.0,-41.09731674194336,-30.066120147705078,0.0,72.88082885742188,0.0,0.0,0.0,0.36000001430511475,-0.0,91.71739209957535,-0.0
0.0,-41.02730941772461,-30.191207885742188,0.0,73.00987243652344,0.0,0.0,0.0,0.36000001430511475,-0.0,91.7913562180974,-0.0
0.0,-40.957218170166016,-30.316438674926758,0.0,73.1388931274414,0.0,0.0,0.0,0.36000001430511475,-0.0,91.86523154416027,-0.0
0.0,-40.887054443359375,-30.44180679321289,0.0,73.26786804199219,0.0,0.0,0.0,0.36000001430511475,-0.0,91.93901124757474,-0.0
0.0,-40.81680679321289,-30.567310333251953,0.0,73.39681243896484,0.0,0.0,0.0,0.36000001430511475,-0.0,92.01269532834084,-0.0
0.0,-40.746490478515625,-30.692941665649414,0.0,73.52571105957031,0.0,0.0,0.0,0.36000001430511475,-0.0,92.08627695626939,-0.0
0.0,-40.67610549926758,-30.818700790405273,0.0,73.6545639038086,0.0,0.0,0.0,0.36000001430511475,-0.0,92.1597561313604,-0.0
0.0,-40.60565185546875,-30.944578170776367,0.0,73.78335571289062,0.0,0.0,0.0,0.36000001430511475,-0.0,92.23312602342466,-0.0
0.0,-40.5351448059082,-31.07054901123047,0.0,73.91206359863281,0.0,0.0,0.0,0.36000001430511475,-0.0,92.30637297208388,-0.0
0.0,-40.46455764770508,-31.196666717529297,0.0,74.0407485961914,0.0,0.0,0.0,0.36000001430511475,-0.0,92.37952429809472,-0.0
0.0,-40.39392852783203,-31.322856903076172,0.0,74.16932678222656,0.0,0.0,0.0,0.36000001430511475,-0.0,92.45253902032215,-0.0
0.0,-40.323246002197266,-31.449146270751953,0.0,74.29782104492188,0.0,0.0,0.0,0.36000001430511475,-0.0,92.52543079914453,-0.0
0.0,-40.25250244140625,-31.57554817199707,0.0,74.42625427246094,0.0,0.0,0.0,0.36000001430511475,-0.0,92.59820646475102,-0.0
0.0,-40.18172073364258,-31.702016830444336,0.0,74.55457305908203,0.0,0.0,0.0,0.36000001430511475,-0.0,92.67083869638493,-0.0
0.0,-40.11089324951172,-31.828575134277344,0.0,74.68280792236328,0.0,0.0,0.0,0.36000001430511475,-0.0,92.74334115442461,-0.0
0.0,-40.04001998901367,-31.95521354675293,0.0,74.81094360351562,0.0,0.0,0.0,0.36000001430511475,-0.0,92.8157070086809,-0.0
0.0,-39.969120025634766,-32.0819091796875,0.0,74.93894958496094,0.0,0.0,0.0,0.36000001430511475,-0.0,92.88792259877545,-0.0
0.0,-39.89817428588867,-32.20868682861328,0.0,75.06686401367188,0.0,0.0,0.0,0.36000001430511475,-0.0,92.96000158508659,-0.0
0.0,-39.82720947265625,-32.33551025390625,0.0,75.19464111328125,0.0,0.0,0.0,0.36000001430511475,-0.0,93.03192347704683,-0.0
0.0,-39.75621032714844,-32.46239471435547,0.0,75.32229614257812,0.0,0.0,0.0,0.36000001430511475,-0.0,93.10369510484531,-0.0
0.0,-39.685184478759766,-32.58932876586914,0.0,75.44982147216797,0.0,0.0,0.0,0.36000001430511475,-0.0,93.1753096382929,-0.0
0.0,-39.6141471862793,-32.71630096435547,0.0,75.57720184326172,0.0,0.0,0.0,0.36000001430511475,-0.0,93.24676024720041,-0.0
0.0,-39.543087005615234,-32.84330749511719,0.0,75.7044448852539,0.0,0.0,0.0,0.36000001430511475,-0.0,93.31804693156784,-0.0
0.0,-39.47201919555664,-32.97034454345703,0.0,75.83152770996094,0.0,0.0,0.0,0.36000001430511475,-0.0,93.389162861206,-0.0
0.0,-39.400936126708984,-33.097408294677734,0.0,75.95845031738281,0.0,0.0,0.0,0.36000001430511475,-0.0,93.46010803611493,-0.0
0.0,-39.32985305786133,-33.2244873046875,0.0,76.08521270751953,0.0,0.0,0.0,0.36000001430511475,-0.0,93.53087562610543,-0.0
0.0,-39.25876235961914,-33.35158157348633,0.0,76.21180725097656,0.0,0.0,0.0,0.36000001430511475,-0.0,93.6014656311775,-0.0
0.0,-39.18767547607422,-33.47868347167969,0.0,76.33822631835938,0.0,0.0,0.0,0.36000001430511475,-0.0,93.671871221142,-0.0
0.0,-39.1165885925293,-33.60578918457031,0.0,76.46446990966797,0.0,0.0,0.0,0.36000001430511475,-0.0,93.74209239599891,-0.0
0.0,-39.04551315307617,-33.732887268066406,0.0,76.59052276611328,0.0,0.0,0.0,0.36000001430511475,-0.0,93.81212232555905,-0.0
0.0,-38.97445297241211,-33.85997009277344,0.0,76.71637725830078,0.0,0.0,0.0,0.36000001430511475,-0.0,93.88195417963325,-0.0
0.0,-38.90340805053711,-33.98703384399414,0.0,76.84202575683594,0.0,0.0,0.0,0.36000001430511475,-0.0,93.95158795822154,-0.0
0.0,-38.8323860168457,-34.11406707763672,0.0,76.96746826171875,0.0,0.0,0.0,0.36000001430511475,-0.0,94.02101683113472,-0.0
0.0,-38.76138687133789,-34.24106979370117,0.0,77.09269714355469,0.0,0.0,0.0,0.36000001430511475,-0.0,94.09024079837279,-0.0
0.0,-38.6904182434082,-34.3680305480957,0.0,77.21770477294922,0.0,0.0,0.0,0.36000001430511475,-0.0,94.15925302974661,-0.0
0.0,-38.61948013305664,-34.49494934082031,0.0,77.34248352050781,0.0,0.0,0.0,0.36000001430511475,-0.0,94.22805352525614,-0.0
0.0,-38.548580169677734,-34.6218147277832,0.0,77.46702575683594,0.0,0.0,0.0,0.36000001430511475,-0.0,94.29663545471224,-0.0
0.0,-38.47770690917969,-34.74863815307617,0.0,77.59135437011719,0.0,0.0,0.0,0.36000001430511475,-0.0,94.36500564830406,-0.0
0.0,-38.406898498535156,-34.875370025634766,0.0,77.71540069580078,0.0,0.0,0.0,0.36000001430511475,-0.0,94.43313678527494,-0.0
0.0,-38.33613204956055,-35.00203323364258,0.0,77.83920288085938,0.0,0.0,0.0,0.36000001430511475,-0.0,94.5010425260032,-0.0
0.0,-38.26541519165039,-35.12861633300781,0.0,77.9627456665039,0.0,0.0,0.0,0.36000001430511475,-0.0,94.56871604029969,-0.0
0.0,-38.19475555419922,-35.25511932373047,0.0,78.08602905273438,0.0,0.0,0.0,0.36000001430511475,-0.0,94.6361573281644,-0.0
0.0,-38.12415313720703,-35.38153076171875,0.0,78.20904541015625,0.0,0.0,0.0,0.36000001430511475,-0.0,94.70335955940816,-0.0
0.0,-38.05362319946289,-35.507835388183594,0.0,78.33177185058594,0.0,0.0,0.0,0.36000001430511475,-0.0,94.77031590384179,-0.0
0.0,-37.9831657409668,-35.63401794433594,0.0,78.4542007446289,0.0,0.0,0.0,0.36000001430511475,-0.0,94.83701953127614,-0.0
0.0,-37.91276931762695,-35.760108947753906,0.0,78.57636260986328,0.0,0.0,0.0,0.36000001430511475,-0.0,94.90348410208954,-0.0
0.0,-37.84246063232422,-35.88605499267578,0.0,78.69819641113281,0.0,0.0,0.0,0.36000001430511475,-0.0,94.96968229552529,-0.0
0.0,-37.77223205566406,-36.011878967285156,0.0,78.81974029541016,0.0,0.0,0.0,0.36000001430511475,-0.0,95.03562777196177,-0.0
0.0,-37.70210647583008,-36.13753890991211,0.0,78.94094848632812,0.0,0.0,0.0,0.36000001430511475,-0.0,95.10130004083145,-0.0
0.0,-37.63206100463867,-36.26306915283203,0.0,79.06184387207031,0.0,0.0,0.0,0.36000001430511475,-0.0,95.16671276251266,-0.0
0.0,-37.562103271484375,-36.38846206665039,0.0,79.18242645263672,0.0,0.0,0.0,0.36000001430511475,-0.0,95.23186593700541,-0.0
0.0,-37.49225997924805,-36.51366424560547,0.0,79.30265045166016,0.0,0.0,0.0,0.36000001430511475,-0.0,95.29673224355301,-0.0
0.0,-37.42251968383789,-36.638702392578125,0.0,79.42254638671875,0.0,0.0,0.0,0.36000001430511475,-0.0,95.36132534253383,-0.0
0.0,-37.35289001464844,-36.7635612487793,0.0,79.5420913696289,0.0,0.0,0.0,0.36000001430511475,-0.0,95.42563840375867,-0.0
0.0,-37.28337478637695,-36.88822937011719,0.0,79.66127014160156,0.0,0.0,0.0,0.36000001430511475,-0.0,95.48966459703837,-0.0
0.0,-37.21398162841797,-37.01270294189453,0.0,79.78009033203125,0.0,0.0,0.0,0.36000001430511475,-0.0,95.55340392237292,-0.0
0.0,-37.14472198486328,-37.13695526123047,0.0,79.89852142333984,0.0,0.0,0.0,0.36000001430511475,-0.0,95.616842719384,-0.0
0.0,-37.075584411621094,-37.26101303100586,0.0,80.01658630371094,0.0,0.0,0.0,0.36000001430511475,-0.0,95.67999464844993,-0.0
0.0,-37.0065803527832,-37.38484573364258,0.0,80.13426971435547,0.0,0.0,0.0,0.36000001430511475,-0.0,95.7428460491924,-0.0
0.0,-36.937721252441406,-37.50843811035156,0.0,80.25154876708984,0.0,0.0,0.0,0.36000001430511475,-0.0,95.80539009142221,-0.0
0.0,-36.86901092529297,-37.63179016113281,0.0,80.3684310913086,0.0,0.0,0.0,0.36000001430511475,-0.0,95.86762677513936,-0.0
0.0,-36.800445556640625,-37.75490188598633,0.0,80.48490142822266,0.0,0.0,0.0,0.36000001430511475,-0.0,95.92955610034387,-0.0
0.0,-36.7320442199707,-37.87773895263672,0.0,80.60094451904297,0.0,0.0,0.0,0.36000001430511475,-0.0,95.99116440665738,-0.0
0.0,-36.66379928588867,-38.00031661987305,0.0,80.7165756225586,0.0,0.0,0.0,0.36000001430511475,-0.0,96.05245852426907,-0.0
0.0,-36.59571838378906,-38.122623443603516,0.0,80.83177185058594,0.0,0.0,0.0,0.36000001430511475,-0.0,96.11343162298978,-0.0
0.0,-36.52781295776367,-38.24463653564453,0.0,80.94652557373047,0.0,0.0,0.0,0.36000001430511475,-0.0,96.17407687263032,-0.0
0.0,-36.4600830078125,-38.366355895996094,0.0,81.06082916259766,0.0,0.0,0.0,0.36000001430511475,-0.0,96.2343942731907,-0.0
0.0,-36.39254379272461,-38.487754821777344,0.0,81.17466735839844,0.0,0.0,0.0,0.36000001430511475,-0.0,96.29437016429259,-0.0
0.0,-36.325191497802734,-38.60884094238281,0.0,81.28804016113281,0.0,0.0,0.0,0.36000001430511475,-0.0,96.35401137612514,-0.0
0.0,-36.258026123046875,-38.7296142578125,0.0,81.40095520019531,0.0,0.0,0.0,0.36000001430511475,-0.0,96.41331790868836,-0.0
0.0,-36.19107437133789,-38.85002899169922,0.0,81.51337432861328,0.0,0.0,0.0,0.36000001430511475,-0.0,96.47226927141475,-0.0
0.0,-36.12432098388672,-38.97011184692383,0.0,81.62531280517578,0.0,0.0,0.0,0.36000001430511475,-0.0,96.53087912468261,-0.0
0.0,-36.05778121948242,-39.08982849121094,0.0,81.73674774169922,0.0,0.0,0.0,0.36000001430511475,-0.0,96.58913380811366,-0.0
0.0,-35.991458892822266,-39.20918273925781,0.0,81.84767150878906,0.0,0.0,0.0,0.36000001430511475,-0.0,96.64703332170785,-0.0
0.0,-35.92535400390625,-39.32816696166992,0.0,81.95809936523438,0.0,0.0,0.0,0.36000001430511475,-0.0,96.70457766546521,-0.0
0.0,-35.85947799682617,-39.4467658996582,0.0,82.06800079345703,0.0,0.0,0.0,0.36000001430511475,-0.0,96.76176000919656,-0.0
0.0,-35.793853759765625,-39.56493377685547,0.0,82.1773452758789,0.0,0.0,0.0,0.36000001430511475,-0.0,96.81855986233438,-0.0
0.0,-35.72846221923828,-39.682708740234375,0.0,82.28617095947266,0.0,0.0,0.0,0.36000001430511475,-0.0,96.8749977154462,-0.0
0.0,-35.6633186340332,-39.8000602722168,0.0,82.39443969726562,0.0,0.0,0.0,0.36000001430511475,-0.0,96.93105990815367,-0.0
0.0,-35.598426818847656,-39.91698455810547,0.0,82.50215911865234,0.0,0.0,0.0,0.36000001430511475,-0.0,96.98674644045678,-0.0
0.0,-35.53380584716797,-40.033451080322266,0.0,82.60929870605469,0.0,0.0,0.0,0.36000001430511475,-0.0,97.04204365197721,-0.0
0.0,-35.469444274902344,-40.14946365356445,0.0,82.71586608886719,0.0,0.0,0.0,0.36000001430511475,-0.0,97.09695837290411,-0.0
0.0,-35.405357360839844,-40.2650146484375,0.0,82.82185363769531,0.0,0.0,0.0,0.36000001430511475,-0.0,97.15148377304831,-0.0
0.0,-35.341552734375,-40.38007736206055,0.0,82.92724609375,0.0,0.0,0.0,0.36000001430511475,-0.0,97.20561302222067,-0.0
0.0,-35.278038024902344,-40.49464797973633,0.0,83.03202819824219,0.0,0.0,0.0,0.36000001430511475,-0.0,97.25934612042116,-0.0
0.0,-35.214820861816406,-40.608699798583984,0.0,83.13619232177734,0.0,0.0,0.0,0.36000001430511475,-0.0,97.31266940727144,-0.0
0.0,-35.15188980102539,-40.722267150878906,0.0,83.23976135253906,0.0,0.0,0.0,0.36000001430511475,-0.0,97.36560337333904,-0.0
0.0,-35.08926773071289,-40.83530044555664,0.0,83.34269714355469,0.0,0.0,0.0,0.36000001430511475,-0.0,97.41812752805644,-0.0
0.0,-35.02696990966797,-40.94777297973633,0.0,83.4449691772461,0.0,0.0,0.0,0.36000001430511475,-0.0,97.47022821104531,-0.0
0.0,-34.964988708496094,-41.05970001220703,0.0,83.5466079711914,0.0,0.0,0.0,0.36000001430511475,-0.0,97.52191908268397,-0.0
0.0,-34.90333938598633,-41.17105484008789,0.0,83.6475830078125,0.0,0.0,0.0,0.36000001430511475,-0.0,97.57318648259408,-0.0
0.0,-34.84202194213867,-41.281829833984375,0.0,83.74788665771484,0.0,0.0,0.0,0.36000001430511475,-0.0,97.62403041077565,-0.0
0.0,-34.781044006347656,-41.39202117919922,0.0,83.84751892089844,0.0,0.0,0.0,0.36000001430511475,-0.0,97.67445086722869,-0.0
0.0,-34.72040939331055,-41.501625061035156,0.0,83.94647979736328,0.0,0.0,0.0,0.36000001430511475,-0.0,97.72444785195317,-0.0
0.0,-34.66015625,-41.61055374145508,0.0,84.0447006225586,0.0,0.0,0.0,0.36000001430511475,-0.0,97.77398721400328,-0.0
0.0,-34.600250244140625,-41.71888732910156,0.0,84.1422348022461,0.0,0.0,0.0,0.36000001430511475,-0.0,97.82310310432484,-0.0
0.0,-34.54071807861328,-41.82656478881836,0.0,84.23905944824219,0.0,0.0,0.0,0.36000001430511475,-0.0,97.87177503235036,-0.0
0.0,-34.48157501220703,-41.93355941772461,0.0,84.33512878417969,0.0,0.0,0.0,0.36000001430511475,-0.0,97.91998933770147,-0.0
0.0,-34.42280197143555,-42.039920806884766,0.0,84.43049621582031,0.0,0.0,0.0,0.36000001430511475,-0.0,97.96777334113489,-0.0
0.0,-34.36444091796875,-42.14555740356445,0.0,84.52508544921875,0.0,0.0,0.0,0.36000001430511475,-0.0,98.01508606151556,-0.0
0.0,-34.30645751953125,-42.25053024291992,0.0,84.61894989013672,0.0,0.0,0.0,0.36000001430511475,-0.0,98.06196164978935,-0.0
0.0,-34.248905181884766,-42.35475158691406,0.0,84.7120132446289,0.0,0.0,0.0,0.36000001430511475,-0.0,98.10835912482125,-0.0
0.0,-34.19176483154297,-42.458255767822266,0.0,84.80431365966797,0.0,0.0,0.0,0.36000001430511475,-0.0,98.15429897717875,-0.0
0.0,-34.13505935668945,-42.56098937988281,0.0,84.89580535888672,0.0,0.0,0.0,0.36000001430511475,-0.0,98.19976071629436,-0.0
0.0,-34.07877731323242,-42.66297912597656,0.0,84.98651885986328,0.0,0.0,0.0,0.36000001430511475,-0.0,98.2447580025464,-0.0
0.0,-34.02294158935547,-42.76418685913086,0.0,85.07640838623047,0.0,0.0,0.0,0.36000001430511475,-0.0,98.28927717555655,-0.0
0.0,-33.96754837036133,-42.8646240234375,0.0,85.16549682617188,0.0,0.0,0.0,0.36000001430511475,-0.0,98.33332506551396,-0.0
0.0,-33.912635803222656,-42.964202880859375,0.0,85.25370788574219,0.0,0.0,0.0,0.36000001430511475,-0.0,98.37686752147279,-0.0
0.0,-33.8581657409668,-43.06300735473633,0.0,85.34111785888672,0.0,0.0,0.0,0.36000001430511475,-0.0,98.41994552456806,-0.0
0.0,-33.8041877746582,-43.160945892333984,0.0,85.42765045166016,0.0,0.0,0.0,0.36000001430511475,-0.0,98.46251809366476,-0.0
0.0,-33.75067901611328,-43.25804901123047,0.0,85.51333618164062,0.0,0.0,0.0,0.36000001430511475,-0.0,98.50460571933037,-0.0
0.0,-33.69767379760742,-43.35426712036133,0.0,85.59812927246094,0.0,0.0,0.0,0.36000001430511475,-0.0,98.54618791099742,-0.0
0.0,-33.645172119140625,-43.449588775634766,0.0,85.68202209472656,0.0,0.0,0.0,0.36000001430511475,-0.0,98.58726466866587,-0.0
0.0,-33.593177795410156,-43.544010162353516,0.0,85.76502227783203,0.0,0.0,0.0,0.36000001430511475,-0.0,98.62783599233575,-0.0
0.0,-33.54168701171875,-43.637542724609375,0.0,85.84713745117188,0.0,0.0,0.0,0.36000001430511475,-0.0,98.66790871219621,-0.0
0.0,-33.49074172973633,-43.730106353759766,0.0,85.92830657958984,0.0,0.0,0.0,0.36000001430511475,-0.0,98.70745550749058,-0.0
0.0,-33.44033432006836,-43.82171630859375,0.0,86.00852966308594,0.0,0.0,0.0,0.36000001430511475,-0.0,98.74648320840804,-0.0
0.0,-33.39045715332031,-43.91238021850586,0.0,86.08782958984375,0.0,0.0,0.0,0.36000001430511475,-0.0,98.78499864513773,-0.0
0.0,-33.34113693237305,-44.002052307128906,0.0,86.16617584228516,0.0,0.0,0.0,0.36000001430511475,-0.0,98.82298815730135,-0.0
0.0,-33.292381286621094,-44.09071350097656,0.0,86.24353790283203,0.0,0.0,0.0,0.36000001430511475,-0.0,98.8604449147097,-0.0
0.0,-33.24420166015625,-44.1783561706543,0.0,86.3199234008789,0.0,0.0,0.0,0.36000001430511475,-0.0,98.89736891736278,-0.0
0.0,-33.19660568237305,-44.26495361328125,0.0,86.39530944824219,0.0,0.0,0.0,0.36000001430511475,-0.0,98.93375333507144,-0.0
0.0,-33.14958953857422,-44.35051345825195,0.0,86.46971130371094,0.0,0.0,0.0,0.36000001430511475,-0.0,98.96960499802485,-0.0
0.0,-33.10316848754883,-44.43501281738281,0.0,86.54309844970703,0.0,0.0,0.0,0.36000001430511475,-0.0,99.0049170760338,-0.0
0.0,-33.05735397338867,-44.51842498779297,0.0,86.61546325683594,0.0,0.0,0.0,0.36000001430511475,-0.0,99.03968273890918,-0.0
0.0,-33.012184143066406,-44.600677490234375,0.0,86.68673706054688,0.0,0.0,0.0,0.36000001430511475,-0.0,99.07387466589425,-0.0
0.0,-32.96762466430664,-44.68184280395508,0.0,86.75699615478516,0.0,0.0,0.0,0.36000001430511475,-0.0,99.1075270079349,-0.0
0.0,-32.923683166503906,-44.761898040771484,0.0,86.82621002197266,0.0,0.0,0.0,0.36000001430511475,-0.0,99.14063293484196,-0.0
0.0,-32.88042068481445,-44.84073257446289,0.0,86.89430236816406,0.0,0.0,0.0,0.36000001430511475,-0.0,99.17315146548039,-0.0
0.0,-32.83778381347656,-44.91844177246094,0.0,86.96134948730469,0.0,0.0,0.0,0.36000001430511475,-0.0,99.20512358098522,-0.0
0.0,-32.79583740234375,-44.99490737915039,0.0,87.02725219726562,0.0,0.0,0.0,0.36000001430511475,-0.0,99.23650830022143,-0.0
0.0,-32.75455856323242,-45.07018280029297,0.0,87.0920639038086,0.0,0.0,0.0,0.36000001430511475,-0.0,99.26732611375652,-0.0
0.0,-32.71394348144531,-45.144248962402344,0.0,87.15576934814453,0.0,0.0,0.0,0.36000001430511475,-0.0,99.29757702159051,-0.0
0.0,-32.674034118652344,-45.21705627441406,0.0,87.21833038330078,0.0,0.0,0.0,0.36000001430511475,-0.0,99.32724053315587,-0.0
0.0,-32.63482666015625,-45.2885856628418,0.0,87.27973175048828,0.0,0.0,0.0,0.36000001430511475,-0.0,99.35631664845262,-0.0
0.0,-32.59632110595703,-45.35885238647461,0.0,87.3399887084961,0.0,0.0,0.0,0.36000001430511475,-0.0,99.38481219766992,-0.0
0.0,-32.55854797363281,-45.42779541015625,0.0,87.39905548095703,0.0,0.0,0.0,0.36000001430511475,-0.0,99.41270669024026,-0.0
0.0,-32.521522521972656,-45.49538803100586,0.0,87.4569091796875,0.0,0.0,0.0,0.36000001430511475,-0.0,99.43999329597445,-0.0
0.0,-32.48521041870117,-45.56169128417969,0.0,87.51360321044922,0.0,0.0,0.0,0.36000001430511475,-0.0,99.4666993356292,-0.0
0.0,-32.44965744018555,-45.626625061035156,0.0,87.56907653808594,0.0,0.0,0.0,0.36000001430511475,-0.0,99.49279748844782,-0.0
0.0,-32.414859771728516,-45.690185546875,0.0,87.62332916259766,0.0,0.0,0.0,0.36000001430511475,-0.0,99.5182877544303,-0.0
0.0,-32.380836486816406,-45.752342224121094,0.0,87.67633819580078,0.0,0.0,0.0,0.36000001430511475,-0.0,99.54316330338749,-0.0
0.0,-32.34759521484375,-45.813087463378906,0.0,87.72810363769531,0.0,0.0,0.0,0.36000001430511475,-0.0,99.56742413531938,-0.0
0.0,-32.31513214111328,-45.872413635253906,0.0,87.77861785888672,0.0,0.0,0.0,0.36000001430511475,-0.0,99.59107025022597,-0.0
0.0,-32.283477783203125,-45.930274963378906,0.0,87.82784271240234,0.0,0.0,0.0,0.36000001430511475,-0.0,99.61408798772891,-0.0
0.0,-32.252620697021484,-45.98668670654297,0.0,87.87579345703125,0.0,0.0,0.0,0.36000001430511475,-0.0,99.63648417801738,-0.0
0.0,-32.22258758544922,-46.04159927368164,0.0,87.92243194580078,0.0,0.0,0.0,0.36000001430511475,-0.0,99.65824516071304,-0.0
0.0,-32.19337463378906,-46.09502410888672,0.0,87.96778106689453,0.0,0.0,0.0,0.36000001430511475,-0.0,99.67937776600506,-0.0
0.0,-32.16501235961914,-46.14690399169922,0.0,88.01177978515625,0.0,0.0,0.0,0.36000001430511475,-0.0,99.69986150332592,-0.0
0.0,-32.1374626159668,-46.197296142578125,0.0,88.05448150634766,0.0,0.0,0.0,0.36000001430511475,-0.0,99.71972369343233,-0.0
0.0,-32.110801696777344,-46.24607467651367,0.0,88.09579467773438,0.0,0.0,0.0,0.36000001430511475,-0.0,99.73891652500006,-0.0
0.0,-32.08496856689453,-46.29335021972656,0.0,88.13580322265625,0.0,0.0,0.0,0.36000001430511475,-0.0,99.75748780935332,-0.0
0.0,-32.060028076171875,-46.338993072509766,0.0,88.17440795898438,0.0,0.0,0.0,0.36000001430511475,-0.0,99.77538973516792,-0.0
0.0,-32.03596496582031,-46.383033752441406,0.0,88.21163940429688,0.0,0.0,0.0,0.36000001430511475,-0.0,99.7926359628222,-0.0
0.0,-32.01276779174805,-46.425498962402344,0.0,88.24750518798828,0.0,0.0,0.0,0.36000001430511475,-0.0,99.80924015269451,-0.0
0.0,-31.990507125854492,-46.46625900268555,0.0,88.28192138671875,0.0,0.0,0.0,0.36000001430511475,-0.0,99.82515449346064,-0.0
0.0,-31.969135284423828,-46.505393981933594,0.0,88.31494140625,0.0,0.0,0.0,0.36000001430511475,-0.0,99.84041313606645,-0.0
0.0,-31.94867515563965,-46.5428581237793,0.0,88.3465347290039,0.0,0.0,0.0,0.36000001430511475,-0.0,99.8550024201336,-0.0
0.0,-31.929140090942383,-46.578636169433594,0.0,88.37669372558594,0.0,0.0,0.0,0.36000001430511475,-0.0,99.8689155154729,-0.0
0.0,-31.910545349121094,-46.612693786621094,0.0,88.40538787841797,0.0,0.0,0.0,0.36000001430511475,-0.0,99.88214559189522,-0.0
0.0,-31.892881393432617,-46.64505386352539,0.0,88.43263244628906,0.0,0.0,0.0,0.36000001430511475,-0.0,99.8946994795897,-0.0
0.0,-31.87618064880371,-46.6756477355957,0.0,88.45838928222656,0.0,0.0,0.0,0.36000001430511475,-0.0,99.90655668798885,-0.0
0.0,-31.860427856445312,-46.70451354980469,0.0,88.482666015625,0.0,0.0,0.0,0.36000001430511475,-0.0,99.91773087747099,-0.0
0.0,-31.845623016357422,-46.73163604736328,0.0,88.50548553466797,0.0,0.0,0.0,0.36000001430511475,-0.0,99.92822204803613,-0.0
0.0,-31.831809997558594,-46.75695037841797,0.0,88.52676391601562,0.0,0.0,0.0,0.36000001430511475,-0.0,99.93800287892759,-0.0
0.0,-31.818981170654297,-46.780460357666016,0.0,88.54652404785156,0.0,0.0,0.0,0.36000001430511475,-0.0,99.94708020033454,-0.0
0.0,-31.807126998901367,-46.80218505859375,0.0,88.56477355957031,0.0,0.0,0.0,0.36000001430511475,-0.0,99.95546084244614,-0.0
0.0,-31.79627227783203,-46.82208251953125,0.0,88.58148193359375,0.0,0.0,0.0,0.36000001430511475,-0.0,99.96313114488407,-0.0
0.0,-31.786415100097656,-46.84014892578125,0.0,88.5966567993164,0.0,0.0,0.0,0.36000001430511475,-0.0,99.97009110764832,-0.0
0.0,-31.777587890625,-46.85633087158203,0.0,88.61023712158203,0.0,0.0,0.0,0.36000001430511475,-0.0,99.97632024017136,-0.0
0.0,-31.769744873046875,-46.87070846557617,0.0,88.62230682373047,0.0,0.0,0.0,0.36000001430511475,-0.0,99.98185269339908,-0.0
0.0,-31.762964248657227,-46.88313674926758,0.0,88.63273620605469,0.0,0.0,0.0,0.36000001430511475,-0.0,99.98663382581807,-0.0
0.0,-31.75718879699707,-46.89372634887695,0.0,88.64161682128906,0.0,0.0,0.0,0.36000001430511475,-0.0,99.99070461856341,-0.0
0.0,-31.752458572387695,-46.902400970458984,0.0,88.64889526367188,0.0,0.0,0.0,0.36000001430511475,-0.0,99.99403775087838,-0.0
0.0,-31.748764038085938,-46.90917205810547,0.0,88.65457916259766,0.0,0.0,0.0,0.36000001430511475,-0.0,99.99664005295215,-0.0
0.0,-31.746116638183594,-46.91402816772461,0.0,88.65864562988281,0.0,0.0,0.0,0.36000001430511475,-0.0,99.99850469459557,-0.0
0.0,-31.744525909423828,-46.91694259643555,0.0,88.66109466552734,0.0,0.0,0.0,0.36000001430511475,-0.0,99.99962484561945,-0.0
