-4.89E-05,-42.72085953,-27.16359711,0,69.83709717,-0.106640019
-0.000761892,-42.84558868,-26.94039345,0,69.59911346,0.42112124
-0.00375231,-43.04820633,-26.57771301,0,69.21121216,0.935293555
-0.01153207,-43.32376099,-26.08426857,0,68.68108368,1.641033173
-0.027367482,-43.66691589,-25.46939087,0,68.01663971,2.530267477
-0.055140715,-44.07198715,-24.74295807,0,67.22615051,3.595004559
-0.099220276,-44.53308105,-23.91514206,0,66.3180542,4.827364922
-0.164334372,-45.04410172,-22.99637794,0,65.3010788,6.219609261
-0.255455494,-45.59887695,-21.99715233,0,64.18412781,7.764167309
-0.377689272,-46.19119263,-20.92794418,0,62.97629166,9.453660011
-0.53617084,-46.81484985,-19.79913902,0,61.68684769,11.28090668
-0.735966086,-47.46369934,-18.62099457,0,60.32528687,13.23894215
-0.981974125,-48.13166809,-17.4036274,0,58.9013443,15.32099247
-1.27885282,-48.81284714,-16.15685463,0,57.42485809,17.52048302
-1.630917072,-49.5014534,-14.89033699,0,55.90597153,19.83100128
-2.042073965,-50.19192505,-13.61341667,0,54.35493469,22.24625015
-2.515732288,-50.87892914,-12.33517551,0,52.78221893,24.76000977
-3.054738045,-51.55741119,-11.06434917,0,51.19838333,27.36608315
-3.661293268,-52.22262573,-9.809327126,0,49.61407852,30.05821037
-4.336886406,-52.87015533,-8.578124046,0,48.03998184,32.83002472
-5.082228184,-53.49598694,-7.3782897,0,46.48667526,35.67492294
-5.897190571,-54.09651566,-6.216896057,0,44.96458435,38.58605576
-6.780741215,-54.66856766,-5.100493431,0,43.48386002,41.55617523
-7.730903625,-55.20943069,-4.035042763,0,42.05426025,44.5776062
-8.744724274,-55.7168808,-3.025851488,0,40.68497467,47.64217758
-9.818252563,-56.18916702,-2.077536106,0,39.3845253,50.74116898
-10.94655418,-56.62504196,-1.19394052,0,38.16054916,53.86527634
-12.1237154,-57.02371979,-0.378138721,0,37.0197258,57.00462341
-13.34291172,-57.38488388,0.367652535,0,35.96757889,60.14876938
-14.59646702,-57.70866394,1.042070031,0,35.00838089,63.28674698
-15.87596321,-57.99560547,1.64464283,0,34.14501953,66.40713501
-17.17235184,-58.24663162,2.175782681,0,33.37895966,69.49816895
-18.47610855,-58.46302795,2.636792421,0,32.71015167,72.54786682
-19.77735138,-58.64640427,3.029829741,0,32.13705444,75.54404449
-21.06602478,-58.79864883,3.357862473,0,31.65667343,78.474617
-22.33204651,-58.92191315,3.624631643,0,31.26460648,81.32759094
-23.56541443,-59.01856232,3.834556103,0,30.95519066,84.09120941
-24.7563591,-59.09114838,3.992671251,0,30.72161674,86.75406647
-25.89545441,-59.14239502,4.104532242,0,30.55610085,89.30519104
-26.97365379,-59.17513657,4.176097393,0,30.4500885,91.73405457
-27.98236465,-59.19228363,4.213617802,0,30.39447021,94.03058624
-28.91347122,-59.19680405,4.223509789,0,30.37980461,96.18522644
-29.75932693,-59.19164658,4.212218761,0,30.39654541,98.18881989
-30.51272202,-59.17970657,4.186099052,0,30.43526459,100.0325546
-31.16685486,-59.16376495,4.151237011,0,30.48692513,101.7079163
-31.71528816,-59.14641953,4.113325596,0,30.54307938,103.2065887
-32.15187073,-59.13002396,4.077503681,0,30.5961132,104.5202866
-32.47069931,-59.11659622,4.048192978,0,30.63949203,105.6407013
-32.66607285,-59.10776901,4.028923988,0,30.66800117,106.5593796
-32.73240662,-59.10466766,4.022154808,0,30.67801285,107.2675934
-32.71860886,-59.10071564,4.013538361,0,30.69075775,107.8499756
-32.67744064,-59.08892059,3.987809658,0,30.72880554,108.3975372
-32.60926819,-59.06934738,3.94513917,0,30.79188156,108.9109497
-32.51447678,-59.04204559,3.885672569,0,30.87972832,109.390892
-32.39346313,-59.00705719,3.809530258,0,30.99211884,109.838089
-32.24665451,-58.9643898,3.716814518,0,31.12883186,110.2532806
-32.07447433,-58.91405487,3.607596159,0,31.28968048,110.6372223
-31.87738419,-58.85604095,3.481938124,0,31.47447777,110.9907074
-31.65584564,-58.79032135,3.339879513,0,31.68305588,111.3145447
-31.41033173,-58.71685791,3.1814363,0,31.91527176,111.6095657
-31.14133453,-58.63560104,3.006613016,0,32.17098236,111.8766174
-30.8493557,-58.5464859,2.815399885,0,32.45005417,112.1165543
-30.53490448,-58.44944382,2.60776639,0,32.75236893,112.3302841
-30.19849777,-58.34438705,2.383674145,0,33.07781219,112.5186691
-29.84065628,-58.23122025,2.143063545,0,33.4262886,112.6826324
-29.46191406,-58.10983658,1.885872483,0,33.79768753,112.8231049
-29.06279945,-57.98012543,1.612017989,0,34.19192123,112.9410095
-28.64385033,-57.84196854,1.321414471,0,34.60889053,113.0372925
-28.20560265,-57.69522476,1.013960481,0,35.04850769,113.1128922
-27.74859619,-57.5397644,0.689552367,0,35.51068115,113.1687851
-27.27336884,-57.37544632,0.34807381,0,35.99531555,113.205925
-26.78045464,-57.20211029,-0.010598873,0,36.50232315,113.2252731
-26.27038193,-57.01960373,-0.386596233,0,37.03160858,113.2278137
-25.74368286,-56.82777023,-0.780050635,0,37.58306885,113.2144928
-25.20087051,-56.62643051,-1.19110918,0,38.15660858,113.1863174
-24.64247131,-56.41543198,-1.61990869,0,38.75210571,113.1442642
-24.06897926,-56.19458008,-2.066613197,0,39.36946869,113.0892792
-23.480896,-55.96371078,-2.531373978,0,40.00857162,113.0223541
-22.87870026,-55.72262955,-3.014359951,0,40.66929626,112.944458
-22.26288605,-55.47116852,-3.51572156,0,41.35150146,112.8565521
-21.63390541,-55.20912933,-4.03564167,0,42.05506516,112.7596054
-20.99221992,-54.93632889,-4.574284077,0,42.77983475,112.6545792
-20.33825874,-54.65258026,-5.131835938,0,43.5256691,112.5424194
-19.67244148,-54.35767746,-5.708490849,0,44.29243088,112.4240646
-18.99520302,-54.05144882,-6.304411888,0,45.07992554,112.3004761
-18.30690765,-53.73368454,-6.919823647,0,45.88802719,112.1725693
-17.60795403,-53.40419769,-7.554913044,0,46.7165451,112.041275
-16.89870453,-53.06278992,-8.209888458,0,47.56531143,111.9075089
-16.17949104,-52.70925903,-8.884983063,0,48.43416214,111.7721786
-15.45065498,-52.34340668,-9.580415726,0,49.32291412,111.6361847
-14.71250343,-51.96503448,-10.29643059,0,50.23138809,111.5004196
-13.96533394,-51.57394028,-11.03328133,0,51.15940857,111.3657608
-13.20941734,-51.16991043,-11.7912426,0,52.10680389,111.2330856
-12.445014,-50.75273132,-12.57060051,0,53.07340622,111.1032562
-11.6723671,-50.32219315,-13.37166405,0,54.05904007,110.9771271
-10.89169407,-49.8780632,-14.19476986,0,55.06355286,110.8555527
-10.10320854,-49.42012024,-15.04027176,0,56.08678818,110.739357
-9.307097435,-48.94812393,-15.9085598,0,57.1286087,110.6293716
-8.503517151,-48.46180725,-16.80008125,0,58.18890381,110.5264282
-7.692630768,-47.96091461,-17.71529388,0,59.26755905,110.4313126
-6.879417419,-47.44085693,-18.66254425,0,60.37358093,110.3920441
-6.066844463,-46.89937973,-19.64587784,0,61.51064301,110.4538498
-5.252107143,-46.33977127,-20.6593132,0,62.67076492,110.6133347
-4.432481289,-45.7653923,-21.69682884,0,63.84619141,110.8670273
-3.605419874,-45.17972183,-22.75228882,0,65.02928925,111.21138
-2.768589497,-44.58636475,-23.81941414,0,66.21253967,111.6427689
-1.919909239,-43.98904419,-24.89175987,0,67.38855743,112.157486
-1.057584405,-43.39162445,-25.96269798,0,68.55004883,112.7517471
-0.180183381,-42.79812241,-27.02534103,0,69.68975067,113.4216537
0.713393629,-42.21266937,-28.07261467,0,70.80052948,114.163208
1.623870611,-41.63950729,-29.09723663,0,71.87534332,114.9722977
2.551545858,-41.08300018,-30.09170151,0,72.90723419,115.8446732
3.496336937,-40.5475502,-31.04838181,0,73.88942719,116.7759323
4.457720757,-40.03759766,-31.95954514,0,74.81532288,117.7615509
5.434792995,-39.55752563,-32.81749725,0,75.67860413,118.7968445
6.426233292,-39.11162567,-33.61466599,0,76.47328186,119.8769913
7.430343151,-38.70398331,-34.34376526,0,77.19382477,120.9970169
8.445067406,-38.33839798,-34.99797058,0,77.8352356,122.1518478
9.468009949,-38.01829529,-35.57109833,0,78.39317322,123.3362885
10.4964962,-37.74657822,-36.05784607,0,78.8640976,124.5450668
11.52762699,-37.52554321,-36.45399475,0,79.24537659,125.7728577
12.55823421,-37.35681534,-36.75651932,0,79.53534698,127.0143127
13.58507061,-37.24121094,-36.96385956,0,79.73348236,128.2641296
14.60474968,-37.17873383,-37.07593918,0,79.84038544,129.516983
15.61381817,-37.16855621,-37.09419632,0,79.85778046,130.7677155
16.60887146,-37.20899963,-37.02163696,0,79.78861237,132.0112457
17.58651924,-37.29763412,-36.86265182,0,79.63683319,133.2426758
18.54347038,-37.43130493,-36.62294769,0,79.40744781,134.4572601
19.47655869,-37.60626221,-36.30930328,0,79.10632324,135.6504822
20.38280487,-37.81827545,-35.92938614,0,78.74007416,136.8180695
21.25937271,-38.06272507,-35.49153137,0,78.31594086,137.9559479
22.10368538,-38.33473206,-35.00453186,0,77.84164429,139.0603333
22.91337013,-38.62928009,-34.47741699,0,77.32525635,140.127655
23.68624115,-38.94128036,-33.91930008,0,76.77507019,141.1546021
24.42040825,-39.26566315,-33.33924866,0,76.19953156,142.1381073
25.11415863,-39.59744644,-32.74614716,0,75.60712433,143.0752716
25.76603699,-39.93178177,-32.14863586,0,75.00630188,143.9634247
26.37470245,-40.26399612,-31.55501366,0,74.40540314,144.8000488
26.9390316,-40.58960724,-30.97324371,0,73.81266022,145.5827789
27.45809746,-40.90436172,-30.41088295,0,73.23606873,146.3093262
27.93106842,-41.20420837,-29.87512779,0,72.68345642,146.9775085
28.35714722,-41.48535919,-29.37272835,0,72.16231537,147.5852051
28.73573303,-41.74422073,-28.91008186,0,71.67990112,148.130249
29.06615639,-41.97746277,-28.49315071,0,71.2430954,148.6105194
29.3478241,-42.18193436,-28.12757301,0,70.85848236,149.0237579
29.5800972,-42.35473633,-27.81855774,0,70.53220367,149.3677216
29.76229477,-42.49316406,-27.57095718,0,70.26999664,149.6399841
29.8936348,-42.59474182,-27.38924789,0,70.07712555,149.8379974
29.97322083,-42.65717697,-27.27754593,0,69.95837402,149.9589844
30.00000381,-42.67840576,-27.23955917,0,69.91796875,150
29.96444321,-42.63062668,-27.32504845,0,70.00889587,149.8366547
29.85918236,-42.49002838,-27.5765686,0,70.27593994,149.355011
29.68570137,-42.26099396,-27.98620224,0,70.70934296,148.567276
29.44472313,-41.94822693,-28.54541779,0,71.29795837,147.4849548
29.13641739,-41.55680466,-29.24504471,0,72.02941895,146.1190491
28.76053429,-41.09223175,-30.07520866,0,72.89021301,144.4801331
28.31656075,-40.56048965,-31.02526474,0,73.86581421,142.5784607
27.80399513,-39.96812439,-32.08369064,0,74.94075012,140.423996
27.22236633,-39.32232285,-33.23794556,0,76.09863281,138.0266113
26.5715313,-38.63101196,-34.47431564,0,77.32220459,135.3961639
25.85181618,-37.9029274,-35.77773666,0,78.59342194,132.542572
25.06409073,-37.1477356,-37.13154984,0,79.89337158,129.4760742
24.21003342,-36.37609863,-38.51731491,0,81.20236206,126.2072144
23.29216194,-35.59981537,-39.91448212,0,82.49985504,122.7471085
22.31400871,-34.8318367,-41.30023956,0,83.76454163,119.1074677
21.2801342,-34.08635712,-42.6492424,0,84.9743042,115.3007889
20.19625282,-33.37874222,-43.93367386,0,86.10644531,111.3403549
19.0691433,-32.72538376,-45.12338638,0,87.13783264,107.2403488
17.90667343,-32.14331055,-46.18659973,0,88.04541779,103.0158691
16.71766663,-31.64950943,-47.09119797,0,88.80705261,98.68282318
15.51177025,-31.25991058,-47.80669785,0,89.40255737,94.25790405
14.2992363,-30.98809814,-48.30686188,0,89.81520844,89.75848389
13.09072495,-30.84379959,-48.57271957,0,90.0333252,85.20240021
11.89697838,-30.83172035,-48.59498596,0,90.05155945,80.6078186
10.72858334,-30.95080376,-48.37554932,0,89.87164307,75.99297333
9.595680237,-31.19439316,-47.92718506,0,89.50223541,71.37607574
8.507668495,-31.55114555,-47.27169037,0,88.9578476,66.77500153
7.473020077,-32.00638199,-46.43719101,0,88.25738525,62.20727158
6.499026775,-32.54365921,-45.45498276,0,87.42232513,57.68984604
5.591688156,-33.14599609,-44.35705948,0,86.4753952,53.23905945
4.755589485,-33.79693604,-43.17410278,0,85.43926239,48.87067413
3.993870258,-34.48108292,-41.93445206,0,84.33592224,44.5997963
3.308226824,-35.18443298,-40.66353989,0,83.18621826,40.44099808
2.698918819,-35.89455414,-39.38361359,0,82.0094986,36.40834808
2.164883137,-36.60052872,-38.11398315,0,80.82363892,32.51553726
1.703826666,-37.29286575,-36.87120819,0,79.64500427,28.7759552
1.312342763,-37.96347809,-35.66927719,0,78.48838043,25.20282936
0.986079037,-38.60544205,-34.52006912,0,77.36715698,21.80931664
0.719870389,-39.21295929,-33.43347931,0,76.29328918,18.60851479
0.507915974,-39.78123474,-32.41767502,0,75.27732849,15.61363602
0.343966573,-40.30624771,-31.4795208,0,74.3286972,12.83802128
0.221479699,-40.78472137,-30.6246376,0,73.45565033,10.29514503
0.13381201,-41.213974,-29.85768127,0,72.66540527,7.998653412
0.074398719,-41.59174728,-29.1825943,0,71.96434784,5.962359905
0.03693562,-41.91616821,-28.60272598,0,71.358078,4.200249672
0.015566354,-42.18550491,-28.1211853,0,70.85174561,2.726453304
0.005065431,-42.39813614,-27.74093056,0,70.45006561,1.555206895
0.001028629,-42.55241013,-27.46497345,0,70.157547,0.700799167
6.61E-05,-42.64652634,-27.29660225,0,69.97864532,-0.177584946
-4.59E-06,-52.7790947,-4.794150829,0,28.96713066,-2.37E-05
-0.30723682,-52.75347137,-4.854905128,0.556303561,29.00306129,-0.339417577
-0.514674246,-52.65091705,-5.096628189,0.927823365,29.14365578,-0.563929617
-0.546369851,-52.51324081,-5.419583797,0.979284108,29.32919121,-0.592153132
-0.401963353,-52.38899612,-5.709670544,0.716780186,29.49387932,-0.431417823
-0.137048692,-52.31368256,-5.884997845,0.243633062,29.59271812,-0.146213666
0.175362214,-52.30273056,-5.910684109,-0.311620325,29.60755157,-0.186991587
0.466763705,-52.3555069,-5.788400173,-0.831182957,29.5395813,0.499688327
0.679936826,-52.45949173,-5.546523094,-1.215908766,29.40372276,0.733776152
0.774629116,-52.59332657,-5.233796597,-1.392937899,29.22602081,0.844790995
0.735067606,-52.73122787,-4.909923077,-1.329530001,29.03960228,0.810497165
0.572293639,-52.84950256,-4.630840302,-1.040416121,28.8770237,0.63707602
0.3172701,-52.93130875,-4.437151909,-0.578863919,28.7632103,0.355558574
0.010190735,-52.96763229,-4.351101875,-0.018630968,28.71262169,-0.011482324
-0.307328999,-52.95591736,-4.379249096,0.561304688,28.72986221,-0.345039517
-0.596256673,-52.89856339,-4.51573801,1.086229444,28.81123161,-0.666280568
-0.822643936,-52.80223083,-4.744094849,1.492332578,28.94595909,-0.912055314
-0.960526168,-52.67763138,-5.038113117,1.733140945,29.11738777,-1.054275155
-0.995237291,-52.53874207,-5.36419487,1.785294294,29.30505943,-1.080371976
-0.925431848,-52.40105057,-5.685836792,1.650674582,29.48781776,-0.993800819
-0.762138844,-52.27910614,-5.969398499,1.352722049,29.64712524,-0.810743034
-0.52503252,-52.18459702,-6.188400269,0.928376973,29.76911545,-0.554470181
-0.23817046,-52.12541962,-6.325281143,0.420152158,29.84504318,-0.250374347
0.073252134,-52.10569,-6.371033669,-0.129132003,29.87065315,-0.076925896
0.384570897,-52.12620926,-6.324003696,-0.678437054,29.84529114,0.404353499
0.6724419,-52.18482971,-6.188974857,-1.188990355,29.77134895,0.710145652
0.915461898,-52.27665329,-5.976758957,-1.624570131,29.65412712,0.973564565
1.095164418,-52.39434052,-5.703706741,-1.95267272,29.50179291,1.175263524
1.19755888,-52.52855301,-5.390870571,-2.147005081,29.32522583,1.298657775
1.214717269,-52.6687851,-5.062346935,-2.19057703,29.13741684,1.3319453
1.145833969,-52.80453491,-4.742693901,-2.078381538,28.95226479,1.27016592
0.997061312,-52.92639542,-4.454339981,-1.818174362,28.78314781,1.116257429
0.780213952,-53.02685547,-4.215630531,-1.429113507,28.6416378,0.880741656
0.510983884,-53.10054779,-4.039988995,-0.93908143,28.53669357,0.580371082
0.207130954,-53.14414215,-3.935954332,-0.381421685,28.4743557,-0.236130551
-0.112805918,-53.15605927,-3.907694817,0.207823962,28.45775032,-0.128680199
-0.430413753,-53.13617706,-3.955616951,0.792244136,28.48729515,-0.490227669
-0.728011847,-53.0857048,-4.076639652,1.3369205,28.56083298,-0.825675845
-0.989241481,-53.00711441,-4.264410973,1.810185075,28.67386055,-1.114614487
-1.199754596,-52.90424347,-4.50922966,2.185351849,28.81968117,-1.340371132
-1.348027825,-52.78217697,-4.798377991,2.442361355,28.98984337,-1.491110325
-1.426232338,-52.64725113,-5.116389751,2.56917119,29.17458153,-1.560597777
-1.430848479,-52.50662613,-5.446103096,2.562354088,29.36359215,-1.548302412
-1.362940669,-52.36783981,-5.769865036,2.426902533,29.54682922,-1.458914161
-1.227693319,-52.23816681,-6.070958138,2.174717903,29.71525002,-1.30106163
-1.033564687,-52.12410355,-6.334730625,1.822614789,29.86131668,-1.085836768
-0.791292369,-52.03095627,-6.549420357,1.390334487,29.97926521,-0.825469494
-0.512833178,-51.96276474,-6.706237793,0.898702562,30.06497765,-0.532237232
-0.210688978,-51.92221069,-6.799446106,0.368638039,30.11589432,-0.217979103
0.102583922,-51.91067886,-6.826121807,-0.179419875,30.13076973,-0.106082015
0.414649844,-51.92837524,-6.785875797,-0.725677073,30.10949898,0.429255664
0.713532567,-51.97434998,-6.680768013,-1.250914931,30.05305481,0.741160452
0.987738192,-52.04657745,-6.515153885,-1.736413121,29.96342278,1.031509042
1.226500511,-52.14199829,-6.295665741,-2.16412282,29.84367371,1.290063143
1.420110703,-52.25659561,-6.031084538,-2.51705122,29.69796371,1.506753325
1.560381055,-52.38548279,-5.732217789,-2.77997303,29.53157997,1.672049761
1.641156197,-52.52321243,-5.411322117,-2.940372467,29.35077667,1.777553082
1.658853769,-52.66398621,-5.081658363,-2.989589214,29.16262627,1.816793084
1.612679005,-52.80207825,-4.756585598,-2.923544168,28.97462082,1.785861254
1.50473845,-52.93216705,-4.448786736,-2.743379116,28.79425812,1.684034228
1.339749932,-53.04960251,-4.169599056,-2.455376148,28.62863159,1.513960958
1.12459898,-53.15053558,-3.928616047,-2.070516586,28.48408127,1.28157711
0.867816627,-53.2320137,-3.733395576,-1.603753924,28.36591721,0.995768249
0.579023719,-53.2919426,-3.589474678,-1.073044896,28.278265,0.667790651
0.268501014,-53.32892609,-3.500582457,-0.498450845,28.22403336,0.310654193
-0.053199254,-53.34223938,-3.468729496,0.098810725,28.20487785,-0.061585322
-0.375492364,-53.33176422,-3.494313717,0.697121322,28.22121239,-0.434453309
-0.687995315,-53.29789734,-3.576306105,1.275241971,28.27227211,-0.793714106
-0.980747104,-53.24153519,-3.712276459,1.813053727,28.35615921,-1.125997066
-1.244405866,-53.16417694,-3.898277998,2.29220438,28.46987343,-1.419339895
-1.470532656,-53.06783676,-4.129002094,2.696817398,28.60947418,-1.663724422
-1.651863933,-52.95516586,-4.397652149,3.014070749,28.7701416,-1.851478457
-1.78262651,-52.82935715,-4.696157455,3.234711647,28.94641876,-1.977567673
-1.858853817,-52.69419479,-5.015224934,3.353459358,29.13236618,-2.03976059
-1.878567219,-52.55383301,-5.344838142,3.369050503,29.32190514,-2.038510084
-1.841801047,-52.41269684,-5.674556732,3.283963203,29.50904083,-1.97662127
-1.750632405,-52.27521515,-5.99415493,3.10414362,29.68819427,-1.858906388
-1.608834743,-52.14567184,-6.293916225,2.838131428,29.85432816,-1.69151485
-1.421591163,-52.02797318,-6.565165043,2.496366739,30.00316048,-1.481411934
-1.195135355,-51.92549896,-6.800488472,2.090480804,30.13119125,-1.235904813
-0.936368525,-51.84109497,-6.993778706,1.632632971,30.23566246,-0.9622491
-0.652583838,-51.77694321,-7.140406609,1.135094881,30.31457138,-0.667437792
-0.351251513,-51.73461914,-7.237071037,0.6099931,30.36654091,-0.358112454
-0.039856292,-51.71507645,-7.281815052,0.069157697,30.39078712,-0.040550664
0.274151087,-51.71866989,-7.273908138,-0.475819468,30.38705063,-0.279216439
0.583444595,-51.74518204,-7.213843822,-1.013600826,30.35557175,0.595329702
0.880849898,-51.79385376,-7.103215218,-1.533013821,30.29704285,0.901967943
1.159389138,-51.86340714,-6.94472456,-2.022999763,30.21261597,1.193242073
1.412384152,-51.95196915,-6.74231863,-2.47266984,30.10400963,1.463156104
1.633527756,-52.05724335,-6.500916958,-2.87133503,29.97339439,1.705570102
1.817132235,-52.17643356,-6.226541042,-3.208859682,29.82352066,1.914367318
1.958231449,-52.30638123,-5.926123142,-3.475811481,29.65765762,2.083528996
2.052868843,-52.44360733,-5.607375145,-3.663982868,29.47960091,2.20745945
2.098285675,-52.58447266,-5.278533936,-3.766805172,29.29358101,2.281283379
2.093054295,-52.72533035,-4.948005199,-3.779732943,29.10413742,2.301162243
2.037183046,-52.86263657,-4.624110222,-3.700618744,28.91599464,2.264627934
1.93211019,-52.99311829,-4.314733982,-3.529933214,28.73388481,2.170837641
1.780621886,-53.11381912,-4.027132511,-3.270838022,28.56241035,2.02073884
1.586672068,-53.22222519,-3.767627716,-2.929069042,28.40583229,1.817100167
1.355193973,-53.31624603,-3.541641474,-2.512731791,28.26802063,1.564455867
1.091871858,-53.39424133,-3.35352993,-2.031974554,28.15227318,1.268943667
0.802926242,-53.45498276,-3.206665039,-1.498595595,28.06130219,0.938060522
0.494980335,-53.4975853,-3.103508949,-0.925740838,27.99718094,0.580441058
0.17485778,-53.52148438,-3.045679569,-0.327411205,27.9613266,-0.205491766
-0.150509581,-53.52645111,-3.033899307,0.281868219,27.95444107,-0.176895767
-0.474209577,-53.5124855,-3.068179369,0.88747561,27.97657394,-0.556704462
-0.789446354,-53.47986603,-3.147759914,1.475067973,28.02710152,-0.924121499
-1.089623451,-53.4291153,-3.271182537,2.03091979,28.10478401,-1.269840479
-1.36848104,-53.36104584,-3.436175346,2.542341709,28.20773315,-1.585402966
-1.620137215,-53.27674484,-3.639779568,2.997871399,28.33354568,-1.863374949
-1.839309812,-53.17762756,-3.878185511,3.387756109,28.47926903,-2.097686768
-2.021350861,-53.06539154,-4.146915436,3.704016924,28.64157295,-2.283675194
-2.162497044,-52.9420929,-4.440694332,3.940863132,28.81675529,-2.41832304
-2.259857178,-52.81007385,-4.753639221,4.094557762,29.00090599,-2.500122309
-2.31167078,-52.67194748,-5.079342365,4.163743019,29.1899929,-2.529201269
-2.317205429,-52.53054047,-5.411034107,4.149075031,29.37999153,-2.507011652
-2.276872396,-52.38877869,-5.741847038,4.053253174,29.56702995,-2.436249495
-2.192131281,-52.24962616,-6.06496191,3.880680323,29.74746323,-2.320559978
-2.065367222,-52.11598587,-6.373820782,3.637111187,29.91795349,-2.16424799
-1.899778008,-51.99061203,-6.662341595,3.329354048,30.07555199,-1.972041249
-1.699178696,-51.87599182,-6.925095081,2.964869738,30.21774483,-1.748817563
-1.467884898,-51.77437973,-7.157250881,2.551562548,30.34238434,-1.499472022
-1.210490227,-51.68767929,-7.354792595,2.097404957,30.44775391,-1.228699327
-0.931875885,-51.61745071,-7.514467716,1.610499859,30.53252411,-0.941055536
-0.636936963,-51.56491089,-7.633767605,1.098669291,30.59569168,-0.640750229
-0.330668032,-51.53091812,-7.710943222,0.569669664,30.63658714,-0.331812888
-0.018045876,-51.51599884,-7.744939804,0.031064674,30.65482712,-0.018061798
0.295978427,-51.52035141,-7.73537159,-0.50971508,30.65028191,0.29681617
0.606524229,-51.54381943,-7.682569504,-1.045375109,30.623106,0.609222531
0.908773184,-51.58595657,-7.587461948,-1.568671584,30.57367706,0.915553868
1.197979569,-51.64598846,-7.451639652,-2.072359562,30.50263786,1.212129354
1.469501257,-51.72280502,-7.277395725,-2.5491786,30.4109211,1.495141387
1.718899012,-51.81502914,-7.067593575,-2.991964817,30.29969978,1.760687351
1.941926241,-51.92100906,-6.825706482,-3.393581867,30.17043877,2.004698515
2.134622574,-52.0387764,-6.555915833,-3.747032881,30.02494621,2.222980022
2.293445826,-52.16619492,-6.2628088,-4.045679569,29.86527824,2.411334991
2.415320635,-52.30089951,-5.951542854,-4.283312321,29.69383049,2.565601349
2.497811079,-52.44042587,-5.627593994,-4.454485416,29.51325798,2.681874514
2.539160967,-52.5822258,-5.296702862,-4.554639816,29.32647324,2.756610155
2.538389683,-52.72377014,-4.964692593,-4.580358505,29.13657951,2.786829472
2.495315313,-52.8625946,-4.637327671,-4.52951622,28.94680214,2.770272017
2.410589695,-52.99641037,-4.320120811,-4.401469707,28.76041412,2.705578804
2.285702229,-53.12307358,-4.018310547,-4.197198868,28.58069229,2.592447996
2.122821331,-53.24069595,-3.73666501,-3.919146299,28.41081047,2.431605339
1.924828172,-53.34765244,-3.479368925,-3.571400404,28.25373077,2.224974394
1.695163727,-53.44254303,-3.250138521,-3.159491777,28.11223221,1.975586772
1.437710524,-53.52423859,-3.05205965,-2.690237999,27.98877525,1.687514067
1.156764388,-53.59183502,-2.887671709,-2.171706438,27.88549805,1.365849495
0.85685271,-53.64463806,-2.758965492,-1.612860203,27.80416107,1.016474962
0.542741239,-53.68218231,-2.667362213,-1.023518085,27.74611473,0.646008372
0.219304353,-53.70412827,-2.613865376,-0.414027154,27.71231842,-0.261556476
-0.108522519,-53.71032333,-2.598964453,0.204928532,27.7032814,-0.129455686
-0.435819447,-53.70075989,-2.622728348,0.822592258,27.71910667,-0.519508958
-0.757680357,-53.67557526,-2.684759855,1.428256035,27.75945282,-0.901125431
-1.069328666,-53.63503265,-2.78427577,2.011599541,27.82357597,-1.267140508
-1.366109967,-53.57956314,-2.920017242,2.562785864,27.91032982,-1.610814691
-1.643623948,-53.50975037,-3.090303659,3.072800398,28.01819992,-1.926092148
-1.897707343,-53.42635727,-3.292963028,3.533480644,28.14531326,-2.207651377
-2.12456584,-53.33029175,-3.525447845,3.93779397,28.28953934,-2.451095104
-2.320805073,-53.22268677,-3.784668922,4.279902458,28.44844055,-2.652998209
-2.483491659,-53.10488129,-4.067119122,4.555238247,28.61940193,-2.810939074
-2.610296965,-52.97838211,-4.368865967,4.7607131,28.79964066,-2.923603773
-2.699398518,-52.84487915,-4.685647488,4.894443989,28.98630714,-2.99057436
-2.749750137,-52.70627975,-5.012803078,4.956158638,29.17647743,-3.012532234
-2.760830641,-52.56453323,-5.345591545,4.946609974,29.36731911,-2.99083519
-2.732928038,-52.42175674,-5.679062843,4.867994785,29.55604935,-2.927722216
-2.666848183,-52.2800827,-6.008290768,4.72331953,29.7400341,-2.825870514
-2.56406641,-52.14163589,-6.328464031,4.516591549,29.91683197,-2.68846035
-2.426569223,-52.00847626,-6.635015011,4.252463341,30.08423042,-2.51892519
-2.25676918,-51.88260651,-6.92357111,3.936053038,30.24020767,-2.320818186
-2.05744791,-51.76583481,-7.190243244,3.572806597,30.38304138,-2.097709894
-1.831662536,-51.65982437,-7.431509018,3.168343306,30.51123238,-1.853098035
-1.582697511,-51.56609344,-7.644220352,2.728383541,30.62348747,-1.590369463
-1.31395185,-51.4858551,-7.825852871,2.258572102,30.71881294,-1.312703371
-1.028933048,-51.42020035,-7.974210739,1.76451087,30.79636192,-1.0231179
-0.731196284,-51.36995316,-8.087618828,1.251689076,30.85551643,-0.72444576
-0.424269885,-51.33573914,-8.164833069,0.7253986,30.89582062,-0.419312865
-0.111743517,-51.31794739,-8.20507431,0.190927476,30.91700363,-0.110275581
0.20287542,-51.31677628,-8.207983017,-0.346640706,30.91895485,-0.200267941
0.516032636,-51.33219528,-8.173604965,-0.882164121,30.90170097,0.509899437
0.824267149,-51.36396408,-8.102438927,-1.410638928,30.86544228,0.816267252
1.124105692,-51.41165924,-7.995340347,-1.926978827,30.81050682,1.116933703
1.412172556,-51.47463226,-7.853624344,-2.426161051,30.73739243,1.409433126
1.685132265,-51.55205536,-7.678964615,-2.903090477,30.64674568,1.691171885
1.939690948,-51.6428833,-7.473498821,-3.352562428,30.53939438,1.95938158
2.172780514,-51.74589539,-7.239736557,-3.769547701,30.41634369,2.211267233
2.381385803,-51.85976028,-6.980457306,-4.148873806,30.27871323,2.443810225
2.562750578,-51.98286057,-6.699066639,-4.485534668,30.12794876,2.653926373
2.714363098,-52.11355972,-6.399042606,-4.774690628,29.96555328,2.838477135
2.834046125,-52.25008011,-6.084240913,-5.011797905,29.79327011,2.994339228
2.919997215,-52.39056778,-5.758745193,-5.192708015,29.61301804,3.118478298
2.970788717,-52.53313828,-5.426768303,-5.313693523,29.42686653,3.207983971
2.985559464,-52.67589951,-5.09261179,-5.371838093,29.23703575,3.260332108
2.963874102,-52.81703949,-4.760516644,-5.364849567,29.04583168,3.2733109
2.905837536,-52.95476913,-4.434701443,-5.291332245,28.85566139,3.245222569
2.812106848,-53.08745575,-4.119143486,-5.150904179,28.6689415,3.175004959
2.683815002,-53.21357727,-3.817628384,-4.944131851,28.48810196,3.062232733
2.522580147,-53.33177948,-3.533632517,-4.672643185,28.31551933,2.907230854
2.330438852,-53.44086075,-3.270293236,-4.339074135,28.15346909,2.711079836
-4.300136089,-53.42430878,-5.539149761,6.416129112,39.08755875,-3.5151577
-3.920105457,-53.42025757,-5.528222084,5.852475166,39.05172348,-3.20853734
-3.539710045,-53.41657639,-5.518308163,5.287346363,39.01914215,-2.90050602
-3.158982515,-53.41326523,-5.509408951,4.720877171,38.98984146,-2.591193914
-2.777955294,-53.41033173,-5.501523018,4.153203011,38.96383286,-2.280731678
-2.396662474,-53.40776825,-5.494651794,3.584462404,38.94113541,-1.969252944
-2.015137196,-53.40558243,-5.48879385,3.014794827,38.92176437,-1.656892061
-1.633412838,-53.40377426,-5.483950615,2.444340467,38.90572739,-1.343784571
-1.251523376,-53.40234375,-5.480121136,1.873241782,38.8930397,-1.030067801
-0.869501948,-53.40129089,-5.477306366,1.301640391,38.88370132,-0.715878725
-0.487383574,-53.40061951,-5.475505352,0.729681432,38.87772751,-0.401356846
-0.105200879,-53.40032578,-5.474718571,0.157507107,38.87511826,-0.08664009
0.27701208,-53.4004097,-5.474946976,-0.414738297,38.87587357,-0.228132248
0.659220815,-53.40087509,-5.476189613,-0.986909568,38.87999725,0.542820394
1.041392088,-53.40171814,-5.478447437,-1.55886364,38.8874855,0.857285738
1.42349124,-53.40294266,-5.481719971,-2.130455256,38.89833832,1.171388626
1.805485606,-53.40454483,-5.486008167,-2.701543093,38.91254044,1.48499167
2.187340736,-53.40652466,-5.491312027,-3.271983385,38.93009567,1.797956586
2.569022417,-53.40887833,-5.49763155,-3.841633558,38.95098495,2.110146284
2.950496435,-53.41161346,-5.50496769,-4.41035223,38.97520065,2.42142415
3.331732035,-53.41472244,-5.513320446,-4.978003502,39.00272751,2.731658459
3.712691784,-53.41820145,-5.522689819,-5.544444084,39.03355026,3.040712357
4.093347549,-53.42205811,-5.533076763,-6.109545231,39.06764984,3.348459005
4.295676708,-53.33166122,-5.731089115,-6.395889282,39.18597412,3.493991852
4.144107342,-53.20457077,-5.986782074,-6.153954983,39.30530167,3.349576712
3.764362812,-53.20071793,-5.976194859,-5.5931077,39.27103424,3.046315432
3.3842659,-53.19723129,-5.966627598,-5.030858994,39.24000168,2.741716385
3.003848791,-53.19411469,-5.958080769,-4.467341423,39.21223068,2.435907364
2.623144627,-53.19136429,-5.950554371,-3.90268898,39.1877327,2.12901783
2.242184401,-53.18898392,-5.944047451,-3.337035656,39.16652679,1.821178198
1.861004472,-53.18697739,-5.938560963,-2.770523071,39.14862442,1.512522936
1.479637265,-53.18534088,-5.934094429,-2.203288317,39.13403702,1.203185439
1.098114133,-53.18407822,-5.930648327,-1.635468364,39.12277222,0.893298924
0.716472924,-53.18318939,-5.928222656,-1.067209721,39.11483765,0.583002269
0.334744781,-53.18267441,-5.926817417,-0.498650134,39.11023712,-0.272429734
-0.047035463,-53.18253326,-5.92643261,0.07006745,39.10897827,-0.03828118
-0.428837955,-53.18276596,-5.92706871,0.63880688,39.1110611,-0.348996699
-0.810624063,-53.18337631,-5.928726196,1.207419038,39.1164856,-0.659575939
-1.19236052,-53.18435669,-5.931404591,1.775763035,39.12524414,-0.969882667
-1.574013472,-53.18571091,-5.93510437,2.343697071,39.13733673,-1.279780149
-1.955554008,-53.18743896,-5.939826488,2.91108799,39.15275574,-1.58913672
-2.336941957,-53.18954086,-5.945569992,3.477785587,39.17149353,-1.89781177
-2.718144894,-53.1920166,-5.952336311,4.043653011,39.19353867,-2.205672264
-3.099134922,-53.19485855,-5.960125446,4.608560085,39.2188797,-2.512589455
-3.479872704,-53.19807434,-5.968937397,5.172360897,39.24749756,-2.818426609
-3.860327005,-53.20165634,-5.978773117,5.734924316,39.27938461,-3.123055458
-4.240464687,-53.20560455,-5.989632607,6.296115875,39.31451797,-3.426347017
-4.281200886,-53.02787781,-6.360387325,6.330470562,39.50866318,-3.425480366
-3.976196527,-52.98345184,-6.436938763,5.876648426,39.52410126,-3.177528858
-3.596671343,-52.97980881,-6.426727295,5.318486214,39.49147415,-2.877552986
-3.216807842,-52.97652817,-6.417542458,4.758999825,39.46207428,-2.576314688
-2.83663702,-52.97360992,-6.409384251,4.198317528,39.43591309,-2.273939133
-2.456188679,-52.97105408,-6.402252197,3.636567831,39.41300964,-1.970552444
-2.075501204,-52.96886444,-6.396147251,3.073894024,39.39337921,-1.666288614
-1.694604754,-52.96704102,-6.391068935,2.51042676,39.37702942,-1.36127615
-1.313534856,-52.96558762,-6.38701725,1.94630599,39.36397552,-1.055648685
-0.93232137,-52.96450043,-6.383992672,1.381664872,39.35422516,-0.749536633
-0.55100137,-52.96378326,-6.381995201,0.816647112,39.34777832,-0.443076372
-0.169607028,-52.96343613,-6.381024837,0.251389593,39.34464645,-0.136401057
0.211827964,-52.9634552,-6.381081581,-0.313968062,39.34482956,-0.170354798
0.593269706,-52.9638443,-6.382165909,-0.879285872,39.34833145,0.477056324
0.974682868,-52.96460342,-6.384278297,-1.444421887,39.3551445,0.783567548
1.356038213,-52.96573257,-6.38741827,-2.00924325,39.36526871,1.089757681
1.737297654,-52.96722794,-6.391587257,-2.573604345,39.37870026,1.395489097
2.1184268,-52.96909332,-6.396784306,-3.137366056,39.3954277,1.700627923
2.499399185,-52.97132492,-6.403010368,-3.700400591,39.41544724,2.005046844
2.88017416,-52.97392273,-6.410265923,-4.262561798,39.43874359,2.308609247
3.260720491,-52.97688675,-6.418551445,-4.82371664,39.46530533,2.611185789
3.641002893,-52.98021698,-6.427866459,-5.383728027,39.49511719,2.912645578
4.020994186,-52.98390579,-6.438212872,-5.942472935,39.52816772,3.212866068
4.276146889,-52.92072296,-6.582348347,-6.307735443,39.62248611,3.401633739
4.174088001,-52.76474762,-6.900464058,-6.136688232,39.77807236,3.293712378
3.79508543,-52.76096344,-6.889634609,-5.58248806,39.74399185,2.998271465
3.415714025,-52.75753784,-6.87983799,-5.026895046,39.71310043,2.701511621
3.036020756,-52.75446701,-6.87107563,-4.470057964,39.68541718,2.403567791
2.656034708,-52.75175858,-6.8633461,-3.912101984,39.66096115,2.104562283
2.275786161,-52.74940491,-6.856650829,-3.353155851,39.6397438,1.804620981
1.895315051,-52.74741745,-6.850988865,-2.793361664,39.62178421,1.503876805
1.514644384,-52.74578857,-6.846360683,-2.232839584,39.60708618,1.202451468
1.133811235,-52.74452209,-6.842766285,-1.67173028,39.59566116,0.900478363
0.75285244,-52.74362183,-6.840206146,-1.110174775,39.5875206,0.598091424
0.371798426,-52.74308395,-6.83867979,-0.548305273,39.58266449,0.295420021
-0.009310767,-52.74291229,-6.838187695,0.013731283,39.58110046,-0.007398469
-0.390454203,-52.74310303,-6.838730335,0.575816214,39.58282471,-0.31024158
-0.771588624,-52.74365616,-6.840307713,1.137797713,39.58784485,-0.6129691
-1.152680278,-52.74457932,-6.842920303,1.699538231,39.59614944,-0.915448427
-1.533698559,-52.74586105,-6.846567631,2.260905266,39.60774231,-1.21754992
-1.914613008,-52.747509,-6.851251125,2.821766376,39.62261581,-1.519144416
-2.295386791,-52.74951935,-6.85697031,3.381981134,39.64075851,-1.820098162
-2.67598033,-52.75188828,-6.863726139,3.941405058,39.66216278,-2.120276213
-3.056369543,-52.75462341,-6.871518612,4.499918461,39.68681717,-2.419557095
-3.436517239,-52.75771713,-6.880348206,5.057382107,39.71471024,-2.717809677
-3.81639123,-52.76116943,-6.890215397,5.613666058,39.74582291,-3.014908075
-4.195957661,-52.7649765,-6.90112114,6.16863966,39.78013611,-3.310726643
-4.261076927,-52.59771729,-7.251349449,6.24025631,39.96557999,-3.330740213
-3.978405237,-52.54061127,-7.355362892,5.821637154,39.99731827,-3.103487253
-3.599474907,-52.53705597,-7.344985485,5.269809723,39.96508408,-2.811115742
-3.2202034,-52.53385544,-7.335649014,4.716688633,39.93602753,-2.517515659
-2.840620995,-52.53100967,-7.327353477,4.162398338,39.91016388,-2.222807169
-2.460756779,-52.52851486,-7.320098877,3.607061863,39.88751602,-1.927112818
-2.080644608,-52.52637863,-7.313884735,3.050811768,39.86809158,-1.630558252
-1.700320363,-52.52459717,-7.308712482,2.493784189,39.85190201,-1.333273172
-1.319820762,-52.52317429,-7.304581165,1.936116457,39.83896255,-1.035387874
-0.939173043,-52.52210999,-7.301491261,1.377933621,39.82927704,-0.737026751
-0.558410645,-52.52140045,-7.299442768,0.819370389,39.82284927,-0.438319147
-0.177567005,-52.52105331,-7.298436165,0.260561615,39.81969452,-0.139395177
0.203317702,-52.52106857,-7.298471451,-0.298347652,39.81980515,-0.159609586
0.584219396,-52.5214386,-7.299548626,-0.857235789,39.82318497,0.45857206
0.965094805,-52.52217102,-7.301668644,-1.415953159,39.82983017,0.75735414
1.345919967,-52.52325821,-7.304831028,-1.974378347,39.83974457,1.055833101
1.726658106,-52.52470779,-7.309037209,-2.532371998,39.85291672,1.353876472
2.107269049,-52.52651596,-7.314286232,-3.089789867,39.86934662,1.651349664
2.487725735,-52.52868271,-7.320579052,-3.646507978,39.8890152,1.948129177
2.867994785,-52.53120422,-7.327916622,-4.202393532,39.91192245,2.244087219
3.248043299,-52.53408051,-7.336298466,-4.757315159,39.93804932,2.539097548
3.627840042,-52.53731155,-7.345726013,-5.311145782,39.96738434,2.833036184
4.007343292,-52.54089737,-7.356198788,-5.863743782,39.99991226,3.125772476
4.25531292,-52.47277069,-7.510118008,-6.214569092,40.09830093,3.303706408
4.145483494,-52.31871414,-7.823832512,-6.034674644,40.251194,3.192828417
3.766925097,-52.31505585,-7.812907219,-5.486454964,40.21776581,2.904736042
3.388008356,-52.31174088,-7.803030968,-4.936900139,40.18748474,2.615377188
3.008766651,-52.30877686,-7.794203281,-4.386135101,40.16037369,2.324872255
2.629216433,-52.30616379,-7.786424637,-3.834263563,40.13644409,2.033331394
2.249409914,-52.30389786,-7.779694557,-3.281442404,40.11571121,1.740892291
1.869376898,-52.30198288,-7.774013996,-2.727795839,40.09819412,1.447677255
1.489140987,-52.30042267,-7.769382,-2.173440695,40.08389282,1.153804779
1.108745575,-52.29921341,-7.765799522,-1.618523359,40.07282639,0.859408975
0.728220701,-52.29835892,-7.763266087,-1.063171268,40.06499481,0.564614892
0.347593457,-52.29785538,-7.761782646,-0.507508039,40.06040573,-0.269545436
-0.033096135,-52.29771042,-7.761348724,0.048323426,40.05906296,-0.025666015
-0.413817704,-52.29791641,-7.761965275,0.604194224,40.06097031,-0.320893347
-0.794524968,-52.29848099,-7.763631821,1.159952164,40.06612396,-0.615998089
-1.175203085,-52.29939651,-7.766349316,1.715491056,40.07452393,-0.910866141
-1.555819035,-52.30067062,-7.770118237,2.27067852,40.08616638,-1.205369949
-1.936319709,-52.30229568,-7.774938107,2.825352907,40.1010437,-1.499366283
-2.316684008,-52.3042717,-7.780809879,3.379400492,40.11915207,-1.792737842
-2.696879625,-52.30660248,-7.787734032,3.932691574,40.14047623,-2.085359097
-3.07687211,-52.30928421,-7.79571104,4.48509407,40.16500473,-2.377103806
-3.456622601,-52.31231689,-7.804740906,5.036470413,40.19273376,-2.66784358
-3.836112976,-52.31569672,-7.814825058,5.586714745,40.22363663,-2.957466841
-4.215292454,-52.31942368,-7.82596302,6.135674953,40.25770569,-3.245838642
-4.239530563,-52.12660599,-8.226978302,6.14458704,40.46599579,-3.229917765
-3.916799545,-52.09145355,-8.283590317,5.675424576,40.47090912,-2.981945038
-3.538174152,-52.08805084,-8.273212433,5.129285812,40.43956375,-2.696722507
-3.159188986,-52.08498764,-8.26389122,4.581872463,40.41136169,-2.410306454
-2.779895067,-52.08227158,-8.255627632,4.033334732,40.38631439,-2.122830153
-2.400312662,-52.07989883,-8.248420715,3.483781815,40.36444092,-1.834405422
-2.020500898,-52.07787323,-8.242272377,2.933377743,40.34575272,-1.54517436
-1.640461087,-52.07619476,-8.237179756,2.382205248,40.33026123,-1.255236149
-1.260257363,-52.07486343,-8.233146667,1.830438972,40.31797791,-0.964739025
-0.879892051,-52.07387924,-8.23017025,1.278163791,40.30891037,-0.673784554
-0.499430299,-52.073246,-8.228251457,0.725556791,40.30306244,-0.38252297
-0.118867517,-52.07296371,-8.227392197,0.172694057,40.30044174,-0.091051392
0.261731058,-52.07302856,-8.227590561,-0.380246639,40.30104828,-0.20047918
0.642338157,-52.07344437,-8.228848457,-0.933142602,40.30488205,0.491946757
1.022932887,-52.07420731,-8.231164932,-1.485880256,40.31194305,0.783234179
1.403475165,-52.07532501,-8.234541893,-2.038318872,40.32222748,1.074210048
1.783925533,-52.07678604,-8.238977432,-2.590318441,40.33573151,1.36474371
2.164256096,-52.07859802,-8.244474411,-3.141756296,40.35244751,1.654713631
2.544427872,-52.08076096,-8.251031876,-3.692494869,40.37236786,1.943990707
2.924419641,-52.08326721,-8.25865078,-4.242422104,40.39548111,2.23246026
3.304185867,-52.08612061,-8.267332077,-4.791392803,40.42177582,2.519989967
3.683711529,-52.08931732,-8.277075768,-5.339306355,40.45123672,2.806471586
4.062933445,-52.09285736,-8.287881851,-5.885993481,40.48385239,3.091762304
4.232925892,-51.97991562,-8.530724525,-6.115449429,40.62180328,3.199132919
4.047675133,-51.86617661,-8.757016182,-5.835114956,40.72426987,3.042240858
3.669233561,-51.86270523,-8.746179581,-5.292176723,40.69202805,2.761012793
3.290427923,-51.85956955,-8.736408234,-4.747947216,40.66289902,2.478571892
2.911296129,-51.85677338,-8.727703094,-4.202555656,40.63690567,2.195039034
2.531877518,-51.8543129,-8.720064163,-3.65613699,40.61405945,1.910539031
2.152192354,-51.85219574,-8.71349144,-3.108797789,40.59437943,1.625182271
1.772280455,-51.85042191,-8.707985878,-2.560673475,40.57787323,1.339095116
1.3921808,-51.84898758,-8.703546524,-2.011900663,40.56455231,1.052404761
1.011908054,-51.84790039,-8.700173378,-1.462580204,40.55442429,0.765220225
0.631508529,-51.84715652,-8.697868347,-0.912860036,40.5474968,0.477675349
0.251027912,-51.84675598,-8.696630478,-0.362887383,40.54377747,-0.189903826
-0.129531682,-51.84669876,-8.69645977,0.187253237,40.54326248,-0.097993158
-0.510111332,-51.84698868,-8.697357178,0.737395048,40.54595947,-0.385871381
-0.890690207,-51.84762573,-8.699323654,1.287426472,40.55186844,-0.673615396
-1.271234632,-51.84860611,-8.702358246,1.837217093,40.56098175,-0.961100161
-1.651698589,-51.84992981,-8.706461906,2.386619329,40.57329941,-1.248191595
-2.032054424,-51.85159683,-8.711634636,2.935512304,40.58881378,-1.534770012
-2.412281513,-51.85361099,-8.717878342,3.483786345,40.60751724,-1.820721507
-2.792334795,-51.85596466,-8.72519207,4.031296253,40.62939835,-2.105914593
-3.172179222,-51.85866165,-8.733577728,4.577913761,40.65444946,-2.390226364
-3.551782608,-51.86169815,-8.743034363,5.123513699,40.68265915,-2.673536539
-3.931124926,-51.86507034,-8.753563881,5.667990685,40.71400452,-2.955735922
-4.225838661,-51.82130432,-8.859140396,6.084280491,40.79027939,-3.16616106
-4.157906055,-51.63919449,-9.233091354,5.963642597,40.97758102,-3.085012197
-3.779564619,-51.63567352,-9.221842766,5.423718929,40.9446106,-2.807649612
-3.400843382,-51.63248444,-9.211669922,4.882475853,40.91473389,-2.529051542
-3.021773577,-51.62962723,-9.202572823,4.340031624,40.88796997,-2.249333143
-2.642407656,-51.62710571,-9.194551468,3.796536922,40.86433411,-1.968625307
-2.262759209,-51.62491989,-9.187606812,3.252087116,40.84384155,-1.6870327
-1.882881045,-51.62307358,-9.181736946,2.706835747,40.82650375,-1.404689431
-1.502786398,-51.62156296,-9.176944733,2.160878658,40.81232834,-1.121701121
-1.122515202,-51.62038803,-9.173228264,1.614352822,40.80133438,-0.83819443
-0.742095172,-51.61955643,-9.170588493,1.067376733,40.79351807,-0.554287076
-0.361584306,-51.61906433,-9.169026375,0.520113885,40.78889084,-0.270120382
